{
  "UpdateViewerStreamFeedback": {
    "definitions": [
      {
        "directives": [],
        "kind": "OperationDefinition",
        "name": {
          "kind": "Name",
          "value": "UpdateViewerStreamFeedback"
        },
        "operation": "mutation",
        "selectionSet": {
          "kind": "SelectionSet",
          "selections": [
            {
              "arguments": [
                {
                  "kind": "Argument",
                  "name": {
                    "kind": "Name",
                    "value": "input"
                  },
                  "value": {
                    "kind": "Variable",
                    "name": {
                      "kind": "Name",
                      "value": "input"
                    }
                  }
                }
              ],
              "directives": [],
              "kind": "Field",
              "name": {
                "kind": "Name",
                "value": "updateViewerStreamFeedback"
              },
              "selectionSet": {
                "kind": "SelectionSet",
                "selections": [
                  {
                    "arguments": [],
                    "directives": [],
                    "kind": "Field",
                    "name": {
                      "kind": "Name",
                      "value": "error"
                    },
                    "selectionSet": {
                      "kind": "SelectionSet",
                      "selections": [
                        {
                          "arguments": [],
                          "directives": [],
                          "kind": "Field",
                          "name": {
                            "kind": "Name",
                            "value": "code"
                          }
                        }
                      ]
                    }
                  }
                ]
              }
            }
          ]
        },
        "variableDefinitions": [
          {
            "directives": [],
            "kind": "VariableDefinition",
            "type": {
              "kind": "NonNullType",
              "type": {
                "kind": "NamedType",
                "name": {
                  "kind": "Name",
                  "value": "UpdateViewerStreamFeedbackInput"
                }
              }
            },
            "variable": {
              "kind": "Variable",
              "name": {
                "kind": "Name",
                "value": "input"
              }
            }
          }
        ]
      }
    ],
    "kind": "Document",
    "loc": {
      "end": 144,
      "source": {
        "body": "mutation UpdateViewerStreamFeedback ($\"input\": UpdateViewerStreamFeedbackInput! ) {\nupdateViewerStreamFeedback(\"input\": $input) {\nerror {\ncode\n}\n}\n}",
        "locationOffset": {
          "column": 1,
          "line": 1
        },
        "name": "GraphQL request"
      },
      "start": 0
    }
  },
  "ViewerFeedback_Creator": {
    "definitions": [
      {
        "directives": [],
        "kind": "OperationDefinition",
        "name": {
          "kind": "Name",
          "value": "ViewerFeedback_Creator"
        },
        "operation": "query",
        "selectionSet": {
          "kind": "SelectionSet",
          "selections": [
            {
              "alias": {
                "kind": "Name",
                "value": "creator"
              },
              "arguments": [
                {
                  "kind": "Argument",
                  "name": {
                    "kind": "Name",
                    "value": "id"
                  },
                  "value": {
                    "kind": "Variable",
                    "name": {
                      "kind": "Name",
                      "value": "channelID"
                    }
                  }
                },
                {
                  "kind": "Argument",
                  "name": {
                    "kind": "Name",
                    "value": "login"
                  },
                  "value": {
                    "kind": "Variable",
                    "name": {
                      "kind": "Name",
                      "value": "channelLogin"
                    }
                  }
                }
              ],
              "directives": [],
              "kind": "Field",
              "name": {
                "kind": "Name",
                "value": "user"
              },
              "selectionSet": {
                "kind": "SelectionSet",
                "selections": [
                  {
                    "directives": [],
                    "kind": "FragmentSpread",
                    "name": {
                      "kind": "Name",
                      "value": "creatorFragment"
                    }
                  }
                ]
              }
            }
          ]
        },
        "variableDefinitions": [
          {
            "directives": [],
            "kind": "VariableDefinition",
            "type": {
              "kind": "NamedType",
              "name": {
                "kind": "Name",
                "value": "ID"
              }
            },
            "variable": {
              "kind": "Variable",
              "name": {
                "kind": "Name",
                "value": "channelID"
              }
            }
          },
          {
            "directives": [],
            "kind": "VariableDefinition",
            "type": {
              "kind": "NamedType",
              "name": {
                "kind": "Name",
                "value": "String"
              }
            },
            "variable": {
              "kind": "Variable",
              "name": {
                "kind": "Name",
                "value": "channelLogin"
              }
            }
          }
        ]
      },
      {
        "directives": [],
        "kind": "FragmentDefinition",
        "name": {
          "kind": "Name",
          "value": "creatorFragment"
        },
        "selectionSet": {
          "kind": "SelectionSet",
          "selections": [
            {
              "arguments": [],
              "directives": [],
              "kind": "Field",
              "name": {
                "kind": "Name",
                "value": "id"
              }
            },
            {
              "arguments": [],
              "directives": [],
              "kind": "Field",
              "name": {
                "kind": "Name",
                "value": "displayName"
              }
            },
            {
              "arguments": [],
              "directives": [],
              "kind": "Field",
              "name": {
                "kind": "Name",
                "value": "description"
              }
            },
            {
              "arguments": [],
              "directives": [],
              "kind": "Field",
              "name": {
                "kind": "Name",
                "value": "login"
              }
            },
            {
              "arguments": [
                {
                  "kind": "Argument",
                  "name": {
                    "kind": "Name",
                    "value": "width"
                  },
                  "value": {
                    "kind": "IntValue",
                    "value": "150"
                  }
                }
              ],
              "directives": [],
              "kind": "Field",
              "name": {
                "kind": "Name",
                "value": "profileImageURL"
              }
            },
            {
              "arguments": [],
              "directives": [],
              "kind": "Field",
              "name": {
                "kind": "Name",
                "value": "primaryColorHex"
              }
            },
            {
              "arguments": [],
              "directives": [],
              "kind": "Field",
              "name": {
                "kind": "Name",
                "value": "roles"
              },
              "selectionSet": {
                "kind": "SelectionSet",
                "selections": [
                  {
                    "arguments": [],
                    "directives": [],
                    "kind": "Field",
                    "name": {
                      "kind": "Name",
                      "value": "isAffiliate"
                    }
                  },
                  {
                    "arguments": [],
                    "directives": [],
                    "kind": "Field",
                    "name": {
                      "kind": "Name",
                      "value": "isPartner"
                    }
                  }
                ]
              }
            }
          ]
        },
        "typeCondition": {
          "kind": "NamedType",
          "name": {
            "kind": "Name",
            "value": "User"
          }
        }
      }
    ],
    "kind": "Document",
    "loc": {
      "end": 291,
      "source": {
        "body": "query ViewerFeedback_Creator ($\"channelID\": ID $\"channelLogin\": String) {\"ncreator\": user(\"id\": $channelID \"login\": $channelLogin) {\n...creatorFragment\n}\n}\nfragment creatorFragment on User {\nid\ndisplayName\ndescription\nlogin\nprofileImageURL(\"width\": 150)\nprimaryColorHex\nroles {\nisAffiliate\nisPartner\n}\n}",
        "locationOffset": {
          "column": 1,
          "line": 1
        },
        "name": "GraphQL request"
      },
      "start": 0
    }
  },
  "WithIsStreamLiveQuery": {
    "definitions": [
      {
        "directives": [],
        "kind": "OperationDefinition",
        "name": {
          "kind": "Name",
          "value": "WithIsStreamLiveQuery"
        },
        "operation": "query",
        "selectionSet": {
          "kind": "SelectionSet",
          "selections": [
            {
              "arguments": [
                {
                  "kind": "Argument",
                  "name": {
                    "kind": "Name",
                    "value": "id"
                  },
                  "value": {
                    "kind": "Variable",
                    "name": {
                      "kind": "Name",
                      "value": "id"
                    }
                  }
                }
              ],
              "directives": [],
              "kind": "Field",
              "name": {
                "kind": "Name",
                "value": "user"
              },
              "selectionSet": {
                "kind": "SelectionSet",
                "selections": [
                  {
                    "arguments": [],
                    "directives": [],
                    "kind": "Field",
                    "name": {
                      "kind": "Name",
                      "value": "id"
                    }
                  },
                  {
                    "arguments": [],
                    "directives": [],
                    "kind": "Field",
                    "name": {
                      "kind": "Name",
                      "value": "stream"
                    },
                    "selectionSet": {
                      "kind": "SelectionSet",
                      "selections": [
                        {
                          "arguments": [],
                          "directives": [],
                          "kind": "Field",
                          "name": {
                            "kind": "Name",
                            "value": "id"
                          }
                        },
                        {
                          "arguments": [],
                          "directives": [],
                          "kind": "Field",
                          "name": {
                            "kind": "Name",
                            "value": "createdAt"
                          }
                        }
                      ]
                    }
                  }
                ]
              }
            }
          ]
        },
        "variableDefinitions": [
          {
            "directives": [],
            "kind": "VariableDefinition",
            "type": {
              "kind": "NonNullType",
              "type": {
                "kind": "NamedType",
                "name": {
                  "kind": "Name",
                  "value": "ID"
                }
              }
            },
            "variable": {
              "kind": "Variable",
              "name": {
                "kind": "Name",
                "value": "id"
              }
            }
          }
        ]
      }
    ],
    "kind": "Document",
    "loc": {
      "end": 86,
      "source": {
        "body": "query WithIsStreamLiveQuery($\"id\": ID!) {\nuser(\"id\": $id) {\nid\nstream {\nid\ncreatedAt\n}\n}\n}",
        "locationOffset": {
          "column": 1,
          "line": 1
        },
        "name": "GraphQL request"
      },
      "start": 0
    }
  }
}