{
  "ChannelLeaderboards": {
    "definitions": [
      {
        "directives": [],
        "kind": "OperationDefinition",
        "name": {
          "kind": "Name",
          "value": "ChannelLeaderboards"
        },
        "operation": "query",
        "selectionSet": {
          "kind": "SelectionSet",
          "selections": [
            {
              "arguments": [
                {
                  "kind": "Argument",
                  "name": {
                    "kind": "Name",
                    "value": "id"
                  },
                  "value": {
                    "kind": "Variable",
                    "name": {
                      "kind": "Name",
                      "value": "channelID"
                    }
                  }
                }
              ],
              "directives": [],
              "kind": "Field",
              "name": {
                "kind": "Name",
                "value": "user"
              },
              "selectionSet": {
                "kind": "SelectionSet",
                "selections": [
                  {
                    "arguments": [],
                    "directives": [],
                    "kind": "Field",
                    "name": {
                      "kind": "Name",
                      "value": "id"
                    }
                  },
                  {
                    "arguments": [],
                    "directives": [],
                    "kind": "Field",
                    "name": {
                      "kind": "Name",
                      "value": "login"
                    }
                  },
                  {
                    "arguments": [],
                    "directives": [],
                    "kind": "Field",
                    "name": {
                      "kind": "Name",
                      "value": "channel"
                    },
                    "selectionSet": {
                      "kind": "SelectionSet",
                      "selections": [
                        {
                          "arguments": [],
                          "directives": [],
                          "kind": "Field",
                          "name": {
                            "kind": "Name",
                            "value": "id"
                          }
                        },
                        {
                          "arguments": [],
                          "directives": [],
                          "kind": "Field",
                          "name": {
                            "kind": "Name",
                            "value": "leaderboardTimePeriod"
                          }
                        },
                        {
                          "arguments": [
                            {
                              "kind": "Argument",
                              "name": {
                                "kind": "Name",
                                "value": "first"
                              },
                              "value": {
                                "kind": "Variable",
                                "name": {
                                  "kind": "Name",
                                  "value": "first"
                                }
                              }
                            }
                          ],
                          "directives": [],
                          "kind": "Field",
                          "name": {
                            "kind": "Name",
                            "value": "leaderboardSet"
                          },
                          "selectionSet": {
                            "kind": "SelectionSet",
                            "selections": [
                              {
                                "arguments": [],
                                "directives": [],
                                "kind": "Field",
                                "name": {
                                  "kind": "Name",
                                  "value": "bits"
                                },
                                "selectionSet": {
                                  "kind": "SelectionSet",
                                  "selections": [
                                    {
                                      "directives": [],
                                      "kind": "FragmentSpread",
                                      "name": {
                                        "kind": "Name",
                                        "value": "channelLeaderboard"
                                      }
                                    }
                                  ]
                                }
                              },
                              {
                                "arguments": [],
                                "directives": [],
                                "kind": "Field",
                                "name": {
                                  "kind": "Name",
                                  "value": "subGift"
                                },
                                "selectionSet": {
                                  "kind": "SelectionSet",
                                  "selections": [
                                    {
                                      "directives": [],
                                      "kind": "FragmentSpread",
                                      "name": {
                                        "kind": "Name",
                                        "value": "channelLeaderboard"
                                      }
                                    }
                                  ]
                                }
                              }
                            ]
                          }
                        }
                      ]
                    }
                  },
                  {
                    "arguments": [],
                    "directives": [],
                    "kind": "Field",
                    "name": {
                      "kind": "Name",
                      "value": "cheer"
                    },
                    "selectionSet": {
                      "kind": "SelectionSet",
                      "selections": [
                        {
                          "arguments": [],
                          "directives": [],
                          "kind": "Field",
                          "name": {
                            "kind": "Name",
                            "value": "id"
                          }
                        },
                        {
                          "arguments": [],
                          "directives": [],
                          "kind": "Field",
                          "name": {
                            "kind": "Name",
                            "value": "settings"
                          },
                          "selectionSet": {
                            "kind": "SelectionSet",
                            "selections": [
                              {
                                "arguments": [],
                                "directives": [],
                                "kind": "Field",
                                "name": {
                                  "kind": "Name",
                                  "value": "id"
                                }
                              },
                              {
                                "arguments": [],
                                "directives": [],
                                "kind": "Field",
                                "name": {
                                  "kind": "Name",
                                  "value": "cheerMinimumBits"
                                }
                              }
                            ]
                          }
                        }
                      ]
                    }
                  },
                  {
                    "arguments": [],
                    "directives": [],
                    "kind": "Field",
                    "name": {
                      "kind": "Name",
                      "value": "subscriptionProducts"
                    },
                    "selectionSet": {
                      "kind": "SelectionSet",
                      "selections": [
                        {
                          "directives": [],
                          "kind": "FragmentSpread",
                          "name": {
                            "kind": "Name",
                            "value": "channelLeaderboardSubscriptionProduct"
                          }
                        }
                      ]
                    }
                  }
                ]
              }
            },
            {
              "arguments": [],
              "directives": [],
              "kind": "Field",
              "name": {
                "kind": "Name",
                "value": "currentUser"
              },
              "selectionSet": {
                "kind": "SelectionSet",
                "selections": [
                  {
                    "arguments": [],
                    "directives": [],
                    "kind": "Field",
                    "name": {
                      "kind": "Name",
                      "value": "id"
                    }
                  }
                ]
              }
            },
            {
              "arguments": [],
              "directives": [],
              "kind": "Field",
              "name": {
                "kind": "Name",
                "value": "badges"
              },
              "selectionSet": {
                "kind": "SelectionSet",
                "selections": [
                  {
                    "directives": [],
                    "kind": "FragmentSpread",
                    "name": {
                      "kind": "Name",
                      "value": "badge"
                    }
                  }
                ]
              }
            }
          ]
        },
        "variableDefinitions": [
          {
            "directives": [],
            "kind": "VariableDefinition",
            "type": {
              "kind": "NonNullType",
              "type": {
                "kind": "NamedType",
                "name": {
                  "kind": "Name",
                  "value": "ID"
                }
              }
            },
            "variable": {
              "kind": "Variable",
              "name": {
                "kind": "Name",
                "value": "channelID"
              }
            }
          },
          {
            "defaultValue": {
              "kind": "IntValue",
              "value": "10"
            },
            "directives": [],
            "kind": "VariableDefinition",
            "type": {
              "kind": "NamedType",
              "name": {
                "kind": "Name",
                "value": "Int"
              }
            },
            "variable": {
              "kind": "Variable",
              "name": {
                "kind": "Name",
                "value": "first"
              }
            }
          }
        ]
      }
    ],
    "kind": "Document",
    "loc": {
      "end": 624,
      "source": {
        "body": "#import \"twilight/features/channel-leaderboard/models/channel-leaderboard.gql\"\n#import \"twilight/features/badges/models/badge-fragment.gql\"\n#import \"twilight/features/channel-leaderboard/models/channel-leaderboard-subscription-product.gql\"\nquery ChannelLeaderboards($\"channelID\": ID! $\"first\": Int = 10) {\nuser(\"id\": $channelID) {\nid\nlogin\nchannel {\nid\nleaderboardTimePeriod\nleaderboardSet(\"first\": $first) {\nbits {\n...channelLeaderboard\n}\nsubGift {\n...channelLeaderboard\n}\n}\n}\ncheer {\nid\nsettings {\nid\ncheerMinimumBits\n}\n}\nsubscriptionProducts {\n...channelLeaderboardSubscriptionProduct\n}\n}\ncurrentUser {\nid\n}\nbadges {\n...badge\n}\n}",
        "locationOffset": {
          "column": 1,
          "line": 1
        },
        "name": "GraphQL request"
      },
      "start": 0
    }
  },
  "channelLeaderboard": {
    "definitions": [
      {
        "directives": [],
        "kind": "FragmentDefinition",
        "name": {
          "kind": "Name",
          "value": "channelLeaderboard"
        },
        "selectionSet": {
          "kind": "SelectionSet",
          "selections": [
            {
              "arguments": [],
              "directives": [],
              "kind": "Field",
              "name": {
                "kind": "Name",
                "value": "id"
              }
            },
            {
              "arguments": [],
              "directives": [],
              "kind": "Field",
              "name": {
                "kind": "Name",
                "value": "items"
              },
              "selectionSet": {
                "kind": "SelectionSet",
                "selections": [
                  {
                    "arguments": [],
                    "directives": [],
                    "kind": "Field",
                    "name": {
                      "kind": "Name",
                      "value": "edges"
                    },
                    "selectionSet": {
                      "kind": "SelectionSet",
                      "selections": [
                        {
                          "arguments": [],
                          "directives": [],
                          "kind": "Field",
                          "name": {
                            "kind": "Name",
                            "value": "cursor"
                          }
                        },
                        {
                          "arguments": [],
                          "directives": [],
                          "kind": "Field",
                          "name": {
                            "kind": "Name",
                            "value": "node"
                          },
                          "selectionSet": {
                            "kind": "SelectionSet",
                            "selections": [
                              {
                                "directives": [],
                                "kind": "FragmentSpread",
                                "name": {
                                  "kind": "Name",
                                  "value": "channelLeaderboardItem"
                                }
                              }
                            ]
                          }
                        }
                      ]
                    }
                  }
                ]
              }
            },
            {
              "arguments": [],
              "directives": [],
              "kind": "Field",
              "name": {
                "kind": "Name",
                "value": "myPosition"
              },
              "selectionSet": {
                "kind": "SelectionSet",
                "selections": [
                  {
                    "directives": [],
                    "kind": "FragmentSpread",
                    "name": {
                      "kind": "Name",
                      "value": "channelLeaderboardItem"
                    }
                  }
                ]
              }
            },
            {
              "arguments": [],
              "directives": [],
              "kind": "Field",
              "name": {
                "kind": "Name",
                "value": "secondsRemaining"
              }
            }
          ]
        },
        "typeCondition": {
          "kind": "NamedType",
          "name": {
            "kind": "Name",
            "value": "UserLeaderboard"
          }
        }
      }
    ],
    "kind": "Document",
    "loc": {
      "end": 257,
      "source": {
        "body": "#import \"twilight/features/channel-leaderboard/models/channel-leaderboard-item.gql\"\nfragment channelLeaderboard on UserLeaderboard {\nid\nitems {\nedges {\ncursor\nnode {\n...channelLeaderboardItem\n}\n}\n}\nmyPosition {\n...channelLeaderboardItem\n}\nsecondsRemaining\n}",
        "locationOffset": {
          "column": 1,
          "line": 1
        },
        "name": "GraphQL request"
      },
      "start": 0
    }
  },
  "channelLeaderboardSubscriptionProduct": {
    "definitions": [
      {
        "directives": [],
        "kind": "FragmentDefinition",
        "name": {
          "kind": "Name",
          "value": "channelLeaderboardSubscriptionProduct"
        },
        "selectionSet": {
          "kind": "SelectionSet",
          "selections": [
            {
              "arguments": [],
              "directives": [],
              "kind": "Field",
              "name": {
                "kind": "Name",
                "value": "id"
              }
            },
            {
              "arguments": [],
              "directives": [],
              "kind": "Field",
              "name": {
                "kind": "Name",
                "value": "name"
              }
            },
            {
              "arguments": [],
              "directives": [],
              "kind": "Field",
              "name": {
                "kind": "Name",
                "value": "price"
              }
            },
            {
              "arguments": [],
              "directives": [],
              "kind": "Field",
              "name": {
                "kind": "Name",
                "value": "priceInfo"
              },
              "selectionSet": {
                "kind": "SelectionSet",
                "selections": [
                  {
                    "arguments": [],
                    "directives": [],
                    "kind": "Field",
                    "name": {
                      "kind": "Name",
                      "value": "currency"
                    }
                  },
                  {
                    "arguments": [],
                    "directives": [],
                    "kind": "Field",
                    "name": {
                      "kind": "Name",
                      "value": "exponent"
                    }
                  },
                  {
                    "arguments": [],
                    "directives": [],
                    "kind": "Field",
                    "name": {
                      "kind": "Name",
                      "value": "price"
                    }
                  },
                  {
                    "arguments": [],
                    "directives": [],
                    "kind": "Field",
                    "name": {
                      "kind": "Name",
                      "value": "id"
                    }
                  }
                ]
              }
            },
            {
              "arguments": [],
              "directives": [],
              "kind": "Field",
              "name": {
                "kind": "Name",
                "value": "gifting"
              },
              "selectionSet": {
                "kind": "SelectionSet",
                "selections": [
                  {
                    "directives": [],
                    "kind": "FragmentSpread",
                    "name": {
                      "kind": "Name",
                      "value": "subCommunityGiftingFragment"
                    }
                  }
                ]
              }
            }
          ]
        },
        "typeCondition": {
          "kind": "NamedType",
          "name": {
            "kind": "Name",
            "value": "SubscriptionProduct"
          }
        }
      }
    ],
    "kind": "Document",
    "loc": {
      "end": 245,
      "source": {
        "body": "#import \"twilight/features/sub-modal/fragments/sub-community-gifting.gql\"\nfragment channelLeaderboardSubscriptionProduct on SubscriptionProduct {\nid\nname\nprice\npriceInfo {\ncurrency\nexponent\nprice\nid\n}\ngifting {\n...subCommunityGiftingFragment\n}\n}",
        "locationOffset": {
          "column": 1,
          "line": 1
        },
        "name": "GraphQL request"
      },
      "start": 0
    }
  }
}