{
  "TurboSubscriptionProduct": {
    "definitions": [
      {
        "directives": [],
        "kind": "OperationDefinition",
        "name": {
          "kind": "Name",
          "value": "TurboSubscriptionProduct"
        },
        "operation": "query",
        "selectionSet": {
          "kind": "SelectionSet",
          "selections": [
            {
              "arguments": [
                {
                  "kind": "Argument",
                  "name": {
                    "kind": "Name",
                    "value": "productName"
                  },
                  "value": {
                    "kind": "Variable",
                    "name": {
                      "kind": "Name",
                      "value": "name"
                    }
                  }
                }
              ],
              "directives": [],
              "kind": "Field",
              "name": {
                "kind": "Name",
                "value": "subscriptionProduct"
              },
              "selectionSet": {
                "kind": "SelectionSet",
                "selections": [
                  {
                    "arguments": [],
                    "directives": [],
                    "kind": "Field",
                    "name": {
                      "kind": "Name",
                      "value": "id"
                    }
                  },
                  {
                    "arguments": [],
                    "directives": [],
                    "kind": "Field",
                    "name": {
                      "kind": "Name",
                      "value": "offers"
                    },
                    "selectionSet": {
                      "kind": "SelectionSet",
                      "selections": [
                        {
                          "arguments": [],
                          "directives": [],
                          "kind": "Field",
                          "name": {
                            "kind": "Name",
                            "value": "id"
                          }
                        },
                        {
                          "arguments": [],
                          "directives": [],
                          "kind": "Field",
                          "name": {
                            "kind": "Name",
                            "value": "listing"
                          },
                          "selectionSet": {
                            "kind": "SelectionSet",
                            "selections": [
                              {
                                "arguments": [],
                                "directives": [],
                                "kind": "Field",
                                "name": {
                                  "kind": "Name",
                                  "value": "chargeModel"
                                },
                                "selectionSet": {
                                  "kind": "SelectionSet",
                                  "selections": [
                                    {
                                      "arguments": [],
                                      "directives": [],
                                      "kind": "Field",
                                      "name": {
                                        "kind": "Name",
                                        "value": "internal"
                                      },
                                      "selectionSet": {
                                        "kind": "SelectionSet",
                                        "selections": [
                                          {
                                            "arguments": [],
                                            "directives": [],
                                            "kind": "Field",
                                            "name": {
                                              "kind": "Name",
                                              "value": "previewPrice"
                                            },
                                            "selectionSet": {
                                              "kind": "SelectionSet",
                                              "selections": [
                                                {
                                                  "arguments": [],
                                                  "directives": [],
                                                  "kind": "Field",
                                                  "name": {
                                                    "kind": "Name",
                                                    "value": "id"
                                                  }
                                                },
                                                {
                                                  "arguments": [],
                                                  "directives": [],
                                                  "kind": "Field",
                                                  "name": {
                                                    "kind": "Name",
                                                    "value": "currency"
                                                  }
                                                },
                                                {
                                                  "arguments": [],
                                                  "directives": [],
                                                  "kind": "Field",
                                                  "name": {
                                                    "kind": "Name",
                                                    "value": "exponent"
                                                  }
                                                },
                                                {
                                                  "arguments": [],
                                                  "directives": [],
                                                  "kind": "Field",
                                                  "name": {
                                                    "kind": "Name",
                                                    "value": "total"
                                                  }
                                                },
                                                {
                                                  "arguments": [],
                                                  "directives": [],
                                                  "kind": "Field",
                                                  "name": {
                                                    "kind": "Name",
                                                    "value": "discount"
                                                  },
                                                  "selectionSet": {
                                                    "kind": "SelectionSet",
                                                    "selections": [
                                                      {
                                                        "arguments": [],
                                                        "directives": [],
                                                        "kind": "Field",
                                                        "name": {
                                                          "kind": "Name",
                                                          "value": "total"
                                                        }
                                                      }
                                                    ]
                                                  }
                                                }
                                              ]
                                            }
                                          }
                                        ]
                                      }
                                    }
                                  ]
                                }
                              }
                            ]
                          }
                        }
                      ]
                    }
                  },
                  {
                    "arguments": [],
                    "directives": [],
                    "kind": "Field",
                    "name": {
                      "kind": "Name",
                      "value": "self"
                    },
                    "selectionSet": {
                      "kind": "SelectionSet",
                      "selections": [
                        {
                          "arguments": [],
                          "directives": [],
                          "kind": "Field",
                          "name": {
                            "kind": "Name",
                            "value": "benefit"
                          },
                          "selectionSet": {
                            "kind": "SelectionSet",
                            "selections": [
                              {
                                "arguments": [],
                                "directives": [],
                                "kind": "Field",
                                "name": {
                                  "kind": "Name",
                                  "value": "id"
                                }
                              },
                              {
                                "arguments": [],
                                "directives": [],
                                "kind": "Field",
                                "name": {
                                  "kind": "Name",
                                  "value": "states"
                                },
                                "selectionSet": {
                                  "kind": "SelectionSet",
                                  "selections": [
                                    {
                                      "arguments": [],
                                      "directives": [],
                                      "kind": "Field",
                                      "name": {
                                        "kind": "Name",
                                        "value": "state"
                                      }
                                    },
                                    {
                                      "arguments": [],
                                      "directives": [],
                                      "kind": "Field",
                                      "name": {
                                        "kind": "Name",
                                        "value": "createdAt"
                                      }
                                    }
                                  ]
                                }
                              },
                              {
                                "arguments": [],
                                "directives": [],
                                "kind": "Field",
                                "name": {
                                  "kind": "Name",
                                  "value": "renewsAt"
                                }
                              },
                              {
                                "arguments": [],
                                "directives": [],
                                "kind": "Field",
                                "name": {
                                  "kind": "Name",
                                  "value": "pendingSubscription"
                                },
                                "selectionSet": {
                                  "kind": "SelectionSet",
                                  "selections": [
                                    {
                                      "arguments": [],
                                      "directives": [],
                                      "kind": "Field",
                                      "name": {
                                        "kind": "Name",
                                        "value": "startsAt"
                                      }
                                    }
                                  ]
                                }
                              }
                            ]
                          }
                        }
                      ]
                    }
                  }
                ]
              }
            }
          ]
        },
        "variableDefinitions": [
          {
            "directives": [],
            "kind": "VariableDefinition",
            "type": {
              "kind": "NonNullType",
              "type": {
                "kind": "NamedType",
                "name": {
                  "kind": "Name",
                  "value": "String"
                }
              }
            },
            "variable": {
              "kind": "Variable",
              "name": {
                "kind": "Name",
                "value": "name"
              }
            }
          }
        ]
      }
    ],
    "kind": "Document",
    "loc": {
      "end": 308,
      "source": {
        "body": "query TurboSubscriptionProduct($\"name\": String!) {\nsubscriptionProduct(\"productName\": $name) {\nid\noffers {\nid\nlisting {\nchargeModel {\ninternal {\npreviewPrice {\nid\ncurrency\nexponent\ntotal\ndiscount {\ntotal\n}\n}\n}\n}\n}\n}\nself {\nbenefit {\nid\nstates {\nstate\ncreatedAt\n}\nrenewsAt\npendingSubscription {\nstartsAt\n}\n}\n}\n}\n}",
        "locationOffset": {
          "column": 1,
          "line": 1
        },
        "name": "GraphQL request"
      },
      "start": 0
    }
  }
}