{
  "channelHomeSocialMedia": {
    "definitions": [
      {
        "directives": [],
        "kind": "FragmentDefinition",
        "name": {
          "kind": "Name",
          "value": "channelHomeSocialMedia"
        },
        "selectionSet": {
          "kind": "SelectionSet",
          "selections": [
            {
              "arguments": [],
              "directives": [],
              "kind": "Field",
              "name": {
                "kind": "Name",
                "value": "id"
              }
            },
            {
              "arguments": [],
              "directives": [],
              "kind": "Field",
              "name": {
                "kind": "Name",
                "value": "name"
              }
            },
            {
              "arguments": [],
              "directives": [],
              "kind": "Field",
              "name": {
                "kind": "Name",
                "value": "title"
              }
            },
            {
              "arguments": [],
              "directives": [],
              "kind": "Field",
              "name": {
                "kind": "Name",
                "value": "url"
              }
            }
          ]
        },
        "typeCondition": {
          "kind": "NamedType",
          "name": {
            "kind": "Name",
            "value": "SocialMedia"
          }
        }
      }
    ],
    "kind": "Document",
    "loc": {
      "end": 68,
      "source": {
        "body": "fragment channelHomeSocialMedia on SocialMedia {\nid\nname\ntitle\nurl\n}",
        "locationOffset": {
          "column": 1,
          "line": 1
        },
        "name": "GraphQL request"
      },
      "start": 0
    }
  }
}