{
  "AccessIsChannelEditorQuery": {
    "definitions": [
      {
        "directives": [],
        "kind": "OperationDefinition",
        "name": {
          "kind": "Name",
          "value": "AccessIsChannelEditorQuery"
        },
        "operation": "query",
        "selectionSet": {
          "kind": "SelectionSet",
          "selections": [
            {
              "alias": {
                "kind": "Name",
                "value": "channel"
              },
              "arguments": [
                {
                  "kind": "Argument",
                  "name": {
                    "kind": "Name",
                    "value": "login"
                  },
                  "value": {
                    "kind": "Variable",
                    "name": {
                      "kind": "Name",
                      "value": "channelLogin"
                    }
                  }
                }
              ],
              "directives": [],
              "kind": "Field",
              "name": {
                "kind": "Name",
                "value": "user"
              },
              "selectionSet": {
                "kind": "SelectionSet",
                "selections": [
                  {
                    "arguments": [],
                    "directives": [],
                    "kind": "Field",
                    "name": {
                      "kind": "Name",
                      "value": "id"
                    }
                  },
                  {
                    "arguments": [],
                    "directives": [],
                    "kind": "Field",
                    "name": {
                      "kind": "Name",
                      "value": "self"
                    },
                    "selectionSet": {
                      "kind": "SelectionSet",
                      "selections": [
                        {
                          "arguments": [],
                          "directives": [],
                          "kind": "Field",
                          "name": {
                            "kind": "Name",
                            "value": "isEditor"
                          }
                        }
                      ]
                    }
                  }
                ]
              }
            }
          ]
        },
        "variableDefinitions": [
          {
            "directives": [],
            "kind": "VariableDefinition",
            "type": {
              "kind": "NonNullType",
              "type": {
                "kind": "NamedType",
                "name": {
                  "kind": "Name",
                  "value": "String"
                }
              }
            },
            "variable": {
              "kind": "Variable",
              "name": {
                "kind": "Name",
                "value": "channelLogin"
              }
            }
          }
        ]
      }
    ],
    "kind": "Document",
    "loc": {
      "end": 121,
      "source": {
        "body": "query AccessIsChannelEditorQuery($\"channelLogin\": String!) {\"nchannel\": user(\"login\": $channelLogin) {\nid\nself {\nisEditor\n}\n}\n}",
        "locationOffset": {
          "column": 1,
          "line": 1
        },
        "name": "GraphQL request"
      },
      "start": 0
    }
  },
  "ClipsCards__Game": {
    "definitions": [
      {
        "directives": [],
        "kind": "OperationDefinition",
        "name": {
          "kind": "Name",
          "value": "ClipsCards__Game"
        },
        "operation": "query",
        "selectionSet": {
          "kind": "SelectionSet",
          "selections": [
            {
              "arguments": [
                {
                  "kind": "Argument",
                  "name": {
                    "kind": "Name",
                    "value": "slug"
                  },
                  "value": {
                    "kind": "Variable",
                    "name": {
                      "kind": "Name",
                      "value": "categorySlug"
                    }
                  }
                }
              ],
              "directives": [],
              "kind": "Field",
              "name": {
                "kind": "Name",
                "value": "game"
              },
              "selectionSet": {
                "kind": "SelectionSet",
                "selections": [
                  {
                    "arguments": [],
                    "directives": [],
                    "kind": "Field",
                    "name": {
                      "kind": "Name",
                      "value": "id"
                    }
                  },
                  {
                    "arguments": [],
                    "directives": [],
                    "kind": "Field",
                    "name": {
                      "kind": "Name",
                      "value": "displayName"
                    }
                  },
                  {
                    "arguments": [
                      {
                        "kind": "Argument",
                        "name": {
                          "kind": "Name",
                          "value": "first"
                        },
                        "value": {
                          "kind": "Variable",
                          "name": {
                            "kind": "Name",
                            "value": "limit"
                          }
                        }
                      },
                      {
                        "kind": "Argument",
                        "name": {
                          "kind": "Name",
                          "value": "after"
                        },
                        "value": {
                          "kind": "Variable",
                          "name": {
                            "kind": "Name",
                            "value": "cursor"
                          }
                        }
                      },
                      {
                        "kind": "Argument",
                        "name": {
                          "kind": "Name",
                          "value": "criteria"
                        },
                        "value": {
                          "kind": "Variable",
                          "name": {
                            "kind": "Name",
                            "value": "criteria"
                          }
                        }
                      }
                    ],
                    "directives": [],
                    "kind": "Field",
                    "name": {
                      "kind": "Name",
                      "value": "clips"
                    },
                    "selectionSet": {
                      "kind": "SelectionSet",
                      "selections": [
                        {
                          "arguments": [],
                          "directives": [],
                          "kind": "Field",
                          "name": {
                            "kind": "Name",
                            "value": "pageInfo"
                          },
                          "selectionSet": {
                            "kind": "SelectionSet",
                            "selections": [
                              {
                                "arguments": [],
                                "directives": [],
                                "kind": "Field",
                                "name": {
                                  "kind": "Name",
                                  "value": "hasNextPage"
                                }
                              }
                            ]
                          }
                        },
                        {
                          "arguments": [],
                          "directives": [],
                          "kind": "Field",
                          "name": {
                            "kind": "Name",
                            "value": "edges"
                          },
                          "selectionSet": {
                            "kind": "SelectionSet",
                            "selections": [
                              {
                                "arguments": [],
                                "directives": [],
                                "kind": "Field",
                                "name": {
                                  "kind": "Name",
                                  "value": "cursor"
                                }
                              },
                              {
                                "arguments": [],
                                "directives": [],
                                "kind": "Field",
                                "name": {
                                  "kind": "Name",
                                  "value": "node"
                                },
                                "selectionSet": {
                                  "kind": "SelectionSet",
                                  "selections": [
                                    {
                                      "arguments": [],
                                      "directives": [],
                                      "kind": "Field",
                                      "name": {
                                        "kind": "Name",
                                        "value": "id"
                                      }
                                    },
                                    {
                                      "arguments": [],
                                      "directives": [],
                                      "kind": "Field",
                                      "name": {
                                        "kind": "Name",
                                        "value": "slug"
                                      }
                                    },
                                    {
                                      "arguments": [],
                                      "directives": [],
                                      "kind": "Field",
                                      "name": {
                                        "kind": "Name",
                                        "value": "url"
                                      }
                                    },
                                    {
                                      "arguments": [],
                                      "directives": [],
                                      "kind": "Field",
                                      "name": {
                                        "kind": "Name",
                                        "value": "embedURL"
                                      }
                                    },
                                    {
                                      "arguments": [],
                                      "directives": [],
                                      "kind": "Field",
                                      "name": {
                                        "kind": "Name",
                                        "value": "title"
                                      }
                                    },
                                    {
                                      "arguments": [],
                                      "directives": [],
                                      "kind": "Field",
                                      "name": {
                                        "kind": "Name",
                                        "value": "viewCount"
                                      }
                                    },
                                    {
                                      "arguments": [],
                                      "directives": [],
                                      "kind": "Field",
                                      "name": {
                                        "kind": "Name",
                                        "value": "language"
                                      }
                                    },
                                    {
                                      "arguments": [],
                                      "directives": [],
                                      "kind": "Field",
                                      "name": {
                                        "kind": "Name",
                                        "value": "curator"
                                      },
                                      "selectionSet": {
                                        "kind": "SelectionSet",
                                        "selections": [
                                          {
                                            "arguments": [],
                                            "directives": [],
                                            "kind": "Field",
                                            "name": {
                                              "kind": "Name",
                                              "value": "id"
                                            }
                                          },
                                          {
                                            "arguments": [],
                                            "directives": [],
                                            "kind": "Field",
                                            "name": {
                                              "kind": "Name",
                                              "value": "login"
                                            }
                                          },
                                          {
                                            "arguments": [],
                                            "directives": [],
                                            "kind": "Field",
                                            "name": {
                                              "kind": "Name",
                                              "value": "displayName"
                                            }
                                          }
                                        ]
                                      }
                                    },
                                    {
                                      "arguments": [],
                                      "directives": [],
                                      "kind": "Field",
                                      "name": {
                                        "kind": "Name",
                                        "value": "game"
                                      },
                                      "selectionSet": {
                                        "kind": "SelectionSet",
                                        "selections": [
                                          {
                                            "arguments": [],
                                            "directives": [],
                                            "kind": "Field",
                                            "name": {
                                              "kind": "Name",
                                              "value": "id"
                                            }
                                          },
                                          {
                                            "arguments": [],
                                            "directives": [],
                                            "kind": "Field",
                                            "name": {
                                              "kind": "Name",
                                              "value": "name"
                                            }
                                          },
                                          {
                                            "arguments": [
                                              {
                                                "kind": "Argument",
                                                "name": {
                                                  "kind": "Name",
                                                  "value": "width"
                                                },
                                                "value": {
                                                  "kind": "IntValue",
                                                  "value": "52"
                                                }
                                              },
                                              {
                                                "kind": "Argument",
                                                "name": {
                                                  "kind": "Name",
                                                  "value": "height"
                                                },
                                                "value": {
                                                  "kind": "IntValue",
                                                  "value": "72"
                                                }
                                              }
                                            ],
                                            "directives": [],
                                            "kind": "Field",
                                            "name": {
                                              "kind": "Name",
                                              "value": "boxArtURL"
                                            }
                                          }
                                        ]
                                      }
                                    },
                                    {
                                      "arguments": [],
                                      "directives": [],
                                      "kind": "Field",
                                      "name": {
                                        "kind": "Name",
                                        "value": "broadcaster"
                                      },
                                      "selectionSet": {
                                        "kind": "SelectionSet",
                                        "selections": [
                                          {
                                            "arguments": [],
                                            "directives": [],
                                            "kind": "Field",
                                            "name": {
                                              "kind": "Name",
                                              "value": "id"
                                            }
                                          },
                                          {
                                            "arguments": [],
                                            "directives": [],
                                            "kind": "Field",
                                            "name": {
                                              "kind": "Name",
                                              "value": "login"
                                            }
                                          },
                                          {
                                            "arguments": [],
                                            "directives": [],
                                            "kind": "Field",
                                            "name": {
                                              "kind": "Name",
                                              "value": "displayName"
                                            }
                                          },
                                          {
                                            "arguments": [
                                              {
                                                "kind": "Argument",
                                                "name": {
                                                  "kind": "Name",
                                                  "value": "width"
                                                },
                                                "value": {
                                                  "kind": "IntValue",
                                                  "value": "50"
                                                }
                                              }
                                            ],
                                            "directives": [],
                                            "kind": "Field",
                                            "name": {
                                              "kind": "Name",
                                              "value": "profileImageURL"
                                            }
                                          }
                                        ]
                                      }
                                    },
                                    {
                                      "arguments": [],
                                      "directives": [],
                                      "kind": "Field",
                                      "name": {
                                        "kind": "Name",
                                        "value": "thumbnailURL"
                                      }
                                    },
                                    {
                                      "arguments": [],
                                      "directives": [],
                                      "kind": "Field",
                                      "name": {
                                        "kind": "Name",
                                        "value": "createdAt"
                                      }
                                    },
                                    {
                                      "arguments": [],
                                      "directives": [],
                                      "kind": "Field",
                                      "name": {
                                        "kind": "Name",
                                        "value": "isFeatured"
                                      }
                                    },
                                    {
                                      "arguments": [],
                                      "directives": [],
                                      "kind": "Field",
                                      "name": {
                                        "kind": "Name",
                                        "value": "durationSeconds"
                                      }
                                    },
                                    {
                                      "arguments": [],
                                      "directives": [],
                                      "kind": "Field",
                                      "name": {
                                        "kind": "Name",
                                        "value": "champBadge"
                                      },
                                      "selectionSet": {
                                        "kind": "SelectionSet",
                                        "selections": [
                                          {
                                            "arguments": [],
                                            "directives": [],
                                            "kind": "Field",
                                            "name": {
                                              "kind": "Name",
                                              "value": "id"
                                            }
                                          }
                                        ]
                                      }
                                    }
                                  ]
                                }
                              }
                            ]
                          }
                        }
                      ]
                    }
                  }
                ]
              }
            }
          ]
        },
        "variableDefinitions": [
          {
            "directives": [],
            "kind": "VariableDefinition",
            "type": {
              "kind": "NonNullType",
              "type": {
                "kind": "NamedType",
                "name": {
                  "kind": "Name",
                  "value": "String"
                }
              }
            },
            "variable": {
              "kind": "Variable",
              "name": {
                "kind": "Name",
                "value": "categorySlug"
              }
            }
          },
          {
            "directives": [],
            "kind": "VariableDefinition",
            "type": {
              "kind": "NamedType",
              "name": {
                "kind": "Name",
                "value": "Int"
              }
            },
            "variable": {
              "kind": "Variable",
              "name": {
                "kind": "Name",
                "value": "limit"
              }
            }
          },
          {
            "directives": [],
            "kind": "VariableDefinition",
            "type": {
              "kind": "NamedType",
              "name": {
                "kind": "Name",
                "value": "Cursor"
              }
            },
            "variable": {
              "kind": "Variable",
              "name": {
                "kind": "Name",
                "value": "cursor"
              }
            }
          },
          {
            "directives": [],
            "kind": "VariableDefinition",
            "type": {
              "kind": "NamedType",
              "name": {
                "kind": "Name",
                "value": "GameClipsInput"
              }
            },
            "variable": {
              "kind": "Variable",
              "name": {
                "kind": "Name",
                "value": "criteria"
              }
            }
          }
        ]
      }
    ],
    "kind": "Document",
    "loc": {
      "end": 522,
      "source": {
        "body": "query ClipsCards__Game(\n$\"categorySlug\": String!\n$\"limit\": Int\n$\"cursor\": Cursor\n$\"criteria\": GameClipsInput\n) {\ngame(\"slug\": $categorySlug) {\nid\ndisplayName\nclips(\"first\": $limit \"after\": $cursor \"criteria\": $criteria) {\npageInfo {\nhasNextPage\n}\nedges {\ncursor\nnode {\nid\nslug\nurl\nembedURL\ntitle\nviewCount\nlanguage\ncurator {\nid\nlogin\ndisplayName\n}\ngame {\nid\nname\nboxArtURL(\"width\": 52 \"height\": 72)\n}\nbroadcaster {\nid\nlogin\ndisplayName\nprofileImageURL(\"width\": 50)\n}\nthumbnailURL\ncreatedAt\nisFeatured\ndurationSeconds\nchampBadge {\nid\n}\n}\n}\n}\n}\n}",
        "locationOffset": {
          "column": 1,
          "line": 1
        },
        "name": "GraphQL request"
      },
      "start": 0
    }
  }
}