{
  "BulkUpdateRedemptions": {
    "definitions": [
      {
        "directives": [],
        "kind": "OperationDefinition",
        "name": {
          "kind": "Name",
          "value": "BulkUpdateRedemptions"
        },
        "operation": "mutation",
        "selectionSet": {
          "kind": "SelectionSet",
          "selections": [
            {
              "arguments": [
                {
                  "kind": "Argument",
                  "name": {
                    "kind": "Name",
                    "value": "input"
                  },
                  "value": {
                    "kind": "Variable",
                    "name": {
                      "kind": "Name",
                      "value": "input"
                    }
                  }
                }
              ],
              "directives": [],
              "kind": "Field",
              "name": {
                "kind": "Name",
                "value": "updateCommunityPointsCustomRewardRedemptionStatusesByRedemptions"
              },
              "selectionSet": {
                "kind": "SelectionSet",
                "selections": [
                  {
                    "arguments": [],
                    "directives": [],
                    "kind": "Field",
                    "name": {
                      "kind": "Name",
                      "value": "error"
                    },
                    "selectionSet": {
                      "kind": "SelectionSet",
                      "selections": [
                        {
                          "arguments": [],
                          "directives": [],
                          "kind": "Field",
                          "name": {
                            "kind": "Name",
                            "value": "code"
                          }
                        }
                      ]
                    }
                  }
                ]
              }
            }
          ]
        },
        "variableDefinitions": [
          {
            "directives": [],
            "kind": "VariableDefinition",
            "type": {
              "kind": "NonNullType",
              "type": {
                "kind": "NamedType",
                "name": {
                  "kind": "Name",
                  "value": "UpdateCommunityPointsCustomRewardRedemptionStatusesByRedemptionsInput"
                }
              }
            },
            "variable": {
              "kind": "Variable",
              "name": {
                "kind": "Name",
                "value": "input"
              }
            }
          }
        ]
      }
    ],
    "kind": "Document",
    "loc": {
      "end": 213,
      "source": {
        "body": "mutation BulkUpdateRedemptions($\"input\": UpdateCommunityPointsCustomRewardRedemptionStatusesByRedemptionsInput!) {\nupdateCommunityPointsCustomRewardRedemptionStatusesByRedemptions(\"input\": $input) {\nerror {\ncode\n}\n}\n}",
        "locationOffset": {
          "column": 1,
          "line": 1
        },
        "name": "GraphQL request"
      },
      "start": 0
    }
  },
  "BulkUpdateRedemptions_Channel": {
    "definitions": [
      {
        "directives": [],
        "kind": "OperationDefinition",
        "name": {
          "kind": "Name",
          "value": "BulkUpdateRedemptions_Channel"
        },
        "operation": "mutation",
        "selectionSet": {
          "kind": "SelectionSet",
          "selections": [
            {
              "arguments": [
                {
                  "kind": "Argument",
                  "name": {
                    "kind": "Name",
                    "value": "input"
                  },
                  "value": {
                    "kind": "Variable",
                    "name": {
                      "kind": "Name",
                      "value": "input"
                    }
                  }
                }
              ],
              "directives": [],
              "kind": "Field",
              "name": {
                "kind": "Name",
                "value": "updateCommunityPointsCustomRewardRedemptionStatusesByChannel"
              },
              "selectionSet": {
                "kind": "SelectionSet",
                "selections": [
                  {
                    "arguments": [],
                    "directives": [],
                    "kind": "Field",
                    "name": {
                      "kind": "Name",
                      "value": "error"
                    },
                    "selectionSet": {
                      "kind": "SelectionSet",
                      "selections": [
                        {
                          "arguments": [],
                          "directives": [],
                          "kind": "Field",
                          "name": {
                            "kind": "Name",
                            "value": "code"
                          }
                        }
                      ]
                    }
                  }
                ]
              }
            }
          ]
        },
        "variableDefinitions": [
          {
            "directives": [],
            "kind": "VariableDefinition",
            "type": {
              "kind": "NonNullType",
              "type": {
                "kind": "NamedType",
                "name": {
                  "kind": "Name",
                  "value": "UpdateCommunityPointsCustomRewardRedemptionStatusesByChannelInput"
                }
              }
            },
            "variable": {
              "kind": "Variable",
              "name": {
                "kind": "Name",
                "value": "input"
              }
            }
          }
        ]
      }
    ],
    "kind": "Document",
    "loc": {
      "end": 213,
      "source": {
        "body": "mutation BulkUpdateRedemptions_Channel($\"input\": UpdateCommunityPointsCustomRewardRedemptionStatusesByChannelInput!) {\nupdateCommunityPointsCustomRewardRedemptionStatusesByChannel(\"input\": $input) {\nerror {\ncode\n}\n}\n}",
        "locationOffset": {
          "column": 1,
          "line": 1
        },
        "name": "GraphQL request"
      },
      "start": 0
    }
  },
  "BulkUpdateRedemptions_Reward": {
    "definitions": [
      {
        "directives": [],
        "kind": "OperationDefinition",
        "name": {
          "kind": "Name",
          "value": "BulkUpdateRedemptions_Reward"
        },
        "operation": "mutation",
        "selectionSet": {
          "kind": "SelectionSet",
          "selections": [
            {
              "arguments": [
                {
                  "kind": "Argument",
                  "name": {
                    "kind": "Name",
                    "value": "input"
                  },
                  "value": {
                    "kind": "Variable",
                    "name": {
                      "kind": "Name",
                      "value": "input"
                    }
                  }
                }
              ],
              "directives": [],
              "kind": "Field",
              "name": {
                "kind": "Name",
                "value": "updateCommunityPointsCustomRewardRedemptionStatusesByReward"
              },
              "selectionSet": {
                "kind": "SelectionSet",
                "selections": [
                  {
                    "arguments": [],
                    "directives": [],
                    "kind": "Field",
                    "name": {
                      "kind": "Name",
                      "value": "error"
                    },
                    "selectionSet": {
                      "kind": "SelectionSet",
                      "selections": [
                        {
                          "arguments": [],
                          "directives": [],
                          "kind": "Field",
                          "name": {
                            "kind": "Name",
                            "value": "code"
                          }
                        }
                      ]
                    }
                  }
                ]
              }
            }
          ]
        },
        "variableDefinitions": [
          {
            "directives": [],
            "kind": "VariableDefinition",
            "type": {
              "kind": "NonNullType",
              "type": {
                "kind": "NamedType",
                "name": {
                  "kind": "Name",
                  "value": "UpdateCommunityPointsCustomRewardRedemptionStatusesByRewardInput"
                }
              }
            },
            "variable": {
              "kind": "Variable",
              "name": {
                "kind": "Name",
                "value": "input"
              }
            }
          }
        ]
      }
    ],
    "kind": "Document",
    "loc": {
      "end": 210,
      "source": {
        "body": "mutation BulkUpdateRedemptions_Reward($\"input\": UpdateCommunityPointsCustomRewardRedemptionStatusesByRewardInput!) {\nupdateCommunityPointsCustomRewardRedemptionStatusesByReward(\"input\": $input) {\nerror {\ncode\n}\n}\n}",
        "locationOffset": {
          "column": 1,
          "line": 1
        },
        "name": "GraphQL request"
      },
      "start": 0
    }
  },
  "RedemptionQueueFooter": {
    "definitions": [
      {
        "directives": [],
        "kind": "OperationDefinition",
        "name": {
          "kind": "Name",
          "value": "RedemptionQueueFooter"
        },
        "operation": "query",
        "selectionSet": {
          "kind": "SelectionSet",
          "selections": [
            {
              "arguments": [
                {
                  "kind": "Argument",
                  "name": {
                    "kind": "Name",
                    "value": "login"
                  },
                  "value": {
                    "kind": "Variable",
                    "name": {
                      "kind": "Name",
                      "value": "channelLogin"
                    }
                  }
                }
              ],
              "directives": [],
              "kind": "Field",
              "name": {
                "kind": "Name",
                "value": "user"
              },
              "selectionSet": {
                "kind": "SelectionSet",
                "selections": [
                  {
                    "arguments": [],
                    "directives": [],
                    "kind": "Field",
                    "name": {
                      "kind": "Name",
                      "value": "id"
                    }
                  },
                  {
                    "arguments": [],
                    "directives": [],
                    "kind": "Field",
                    "name": {
                      "kind": "Name",
                      "value": "channel"
                    },
                    "selectionSet": {
                      "kind": "SelectionSet",
                      "selections": [
                        {
                          "arguments": [],
                          "directives": [],
                          "kind": "Field",
                          "name": {
                            "kind": "Name",
                            "value": "id"
                          }
                        },
                        {
                          "arguments": [],
                          "directives": [],
                          "kind": "Field",
                          "name": {
                            "kind": "Name",
                            "value": "communityPointsSettings"
                          },
                          "selectionSet": {
                            "kind": "SelectionSet",
                            "selections": [
                              {
                                "arguments": [],
                                "directives": [],
                                "kind": "Field",
                                "name": {
                                  "kind": "Name",
                                  "value": "summarizedRewards"
                                },
                                "selectionSet": {
                                  "kind": "SelectionSet",
                                  "selections": [
                                    {
                                      "arguments": [],
                                      "directives": [],
                                      "kind": "Field",
                                      "name": {
                                        "kind": "Name",
                                        "value": "count"
                                      }
                                    },
                                    {
                                      "arguments": [],
                                      "directives": [],
                                      "kind": "Field",
                                      "name": {
                                        "kind": "Name",
                                        "value": "isCountAtMaximum"
                                      }
                                    },
                                    {
                                      "arguments": [],
                                      "directives": [],
                                      "kind": "Field",
                                      "name": {
                                        "kind": "Name",
                                        "value": "node"
                                      },
                                      "selectionSet": {
                                        "kind": "SelectionSet",
                                        "selections": [
                                          {
                                            "arguments": [],
                                            "directives": [],
                                            "kind": "Field",
                                            "name": {
                                              "kind": "Name",
                                              "value": "id"
                                            }
                                          }
                                        ]
                                      }
                                    }
                                  ]
                                }
                              }
                            ]
                          }
                        }
                      ]
                    }
                  }
                ]
              }
            }
          ]
        },
        "variableDefinitions": [
          {
            "directives": [],
            "kind": "VariableDefinition",
            "type": {
              "kind": "NonNullType",
              "type": {
                "kind": "NamedType",
                "name": {
                  "kind": "Name",
                  "value": "String"
                }
              }
            },
            "variable": {
              "kind": "Variable",
              "name": {
                "kind": "Name",
                "value": "channelLogin"
              }
            }
          }
        ]
      }
    ],
    "kind": "Document",
    "loc": {
      "end": 189,
      "source": {
        "body": "query RedemptionQueueFooter($\"channelLogin\": String!) {\nuser(\"login\": $channelLogin) {\nid\nchannel {\nid\ncommunityPointsSettings {\nsummarizedRewards {\ncount\nisCountAtMaximum\nnode {\nid\n}\n}\n}\n}\n}\n}",
        "locationOffset": {
          "column": 1,
          "line": 1
        },
        "name": "GraphQL request"
      },
      "start": 0
    }
  },
  "RedemptionsByRewardID_Paginated": {
    "definitions": [
      {
        "directives": [],
        "kind": "OperationDefinition",
        "name": {
          "kind": "Name",
          "value": "RedemptionsByRewardID_Paginated"
        },
        "operation": "query",
        "selectionSet": {
          "kind": "SelectionSet",
          "selections": [
            {
              "arguments": [
                {
                  "kind": "Argument",
                  "name": {
                    "kind": "Name",
                    "value": "login"
                  },
                  "value": {
                    "kind": "Variable",
                    "name": {
                      "kind": "Name",
                      "value": "channelLogin"
                    }
                  }
                }
              ],
              "directives": [],
              "kind": "Field",
              "name": {
                "kind": "Name",
                "value": "user"
              },
              "selectionSet": {
                "kind": "SelectionSet",
                "selections": [
                  {
                    "arguments": [],
                    "directives": [],
                    "kind": "Field",
                    "name": {
                      "kind": "Name",
                      "value": "id"
                    }
                  },
                  {
                    "arguments": [],
                    "directives": [],
                    "kind": "Field",
                    "name": {
                      "kind": "Name",
                      "value": "channel"
                    },
                    "selectionSet": {
                      "kind": "SelectionSet",
                      "selections": [
                        {
                          "arguments": [],
                          "directives": [],
                          "kind": "Field",
                          "name": {
                            "kind": "Name",
                            "value": "id"
                          }
                        },
                        {
                          "arguments": [
                            {
                              "kind": "Argument",
                              "name": {
                                "kind": "Name",
                                "value": "options"
                              },
                              "value": {
                                "fields": [
                                  {
                                    "kind": "ObjectField",
                                    "name": {
                                      "kind": "Name",
                                      "value": "rewardID"
                                    },
                                    "value": {
                                      "kind": "Variable",
                                      "name": {
                                        "kind": "Name",
                                        "value": "id"
                                      }
                                    }
                                  },
                                  {
                                    "kind": "ObjectField",
                                    "name": {
                                      "kind": "Name",
                                      "value": "status"
                                    },
                                    "value": {
                                      "kind": "EnumValue",
                                      "value": "UNFULFILLED"
                                    }
                                  },
                                  {
                                    "kind": "ObjectField",
                                    "name": {
                                      "kind": "Name",
                                      "value": "order"
                                    },
                                    "value": {
                                      "kind": "Variable",
                                      "name": {
                                        "kind": "Name",
                                        "value": "order"
                                      }
                                    }
                                  }
                                ],
                                "kind": "ObjectValue"
                              }
                            },
                            {
                              "kind": "Argument",
                              "name": {
                                "kind": "Name",
                                "value": "first"
                              },
                              "value": {
                                "kind": "Variable",
                                "name": {
                                  "kind": "Name",
                                  "value": "count"
                                }
                              }
                            },
                            {
                              "kind": "Argument",
                              "name": {
                                "kind": "Name",
                                "value": "after"
                              },
                              "value": {
                                "kind": "Variable",
                                "name": {
                                  "kind": "Name",
                                  "value": "cursor"
                                }
                              }
                            }
                          ],
                          "directives": [],
                          "kind": "Field",
                          "name": {
                            "kind": "Name",
                            "value": "communityPointsRedemptionQueue"
                          },
                          "selectionSet": {
                            "kind": "SelectionSet",
                            "selections": [
                              {
                                "arguments": [],
                                "directives": [],
                                "kind": "Field",
                                "name": {
                                  "kind": "Name",
                                  "value": "edges"
                                },
                                "selectionSet": {
                                  "kind": "SelectionSet",
                                  "selections": [
                                    {
                                      "arguments": [],
                                      "directives": [],
                                      "kind": "Field",
                                      "name": {
                                        "kind": "Name",
                                        "value": "cursor"
                                      }
                                    },
                                    {
                                      "arguments": [],
                                      "directives": [],
                                      "kind": "Field",
                                      "name": {
                                        "kind": "Name",
                                        "value": "node"
                                      },
                                      "selectionSet": {
                                        "kind": "SelectionSet",
                                        "selections": [
                                          {
                                            "arguments": [],
                                            "directives": [],
                                            "kind": "Field",
                                            "name": {
                                              "kind": "Name",
                                              "value": "id"
                                            }
                                          },
                                          {
                                            "arguments": [],
                                            "directives": [],
                                            "kind": "Field",
                                            "name": {
                                              "kind": "Name",
                                              "value": "reward"
                                            },
                                            "selectionSet": {
                                              "kind": "SelectionSet",
                                              "selections": [
                                                {
                                                  "arguments": [],
                                                  "directives": [],
                                                  "kind": "Field",
                                                  "name": {
                                                    "kind": "Name",
                                                    "value": "id"
                                                  }
                                                },
                                                {
                                                  "arguments": [],
                                                  "directives": [],
                                                  "kind": "Field",
                                                  "name": {
                                                    "kind": "Name",
                                                    "value": "title"
                                                  }
                                                }
                                              ]
                                            }
                                          },
                                          {
                                            "arguments": [],
                                            "directives": [],
                                            "kind": "Field",
                                            "name": {
                                              "kind": "Name",
                                              "value": "user"
                                            },
                                            "selectionSet": {
                                              "kind": "SelectionSet",
                                              "selections": [
                                                {
                                                  "arguments": [],
                                                  "directives": [],
                                                  "kind": "Field",
                                                  "name": {
                                                    "kind": "Name",
                                                    "value": "id"
                                                  }
                                                }
                                              ]
                                            }
                                          },
                                          {
                                            "arguments": [],
                                            "directives": [],
                                            "kind": "Field",
                                            "name": {
                                              "kind": "Name",
                                              "value": "input"
                                            }
                                          },
                                          {
                                            "arguments": [],
                                            "directives": [],
                                            "kind": "Field",
                                            "name": {
                                              "kind": "Name",
                                              "value": "timestamp"
                                            }
                                          }
                                        ]
                                      }
                                    }
                                  ]
                                }
                              },
                              {
                                "arguments": [],
                                "directives": [],
                                "kind": "Field",
                                "name": {
                                  "kind": "Name",
                                  "value": "pageInfo"
                                },
                                "selectionSet": {
                                  "kind": "SelectionSet",
                                  "selections": [
                                    {
                                      "arguments": [],
                                      "directives": [],
                                      "kind": "Field",
                                      "name": {
                                        "kind": "Name",
                                        "value": "hasNextPage"
                                      }
                                    }
                                  ]
                                }
                              }
                            ]
                          }
                        }
                      ]
                    }
                  }
                ]
              }
            }
          ]
        },
        "variableDefinitions": [
          {
            "directives": [],
            "kind": "VariableDefinition",
            "type": {
              "kind": "NonNullType",
              "type": {
                "kind": "NamedType",
                "name": {
                  "kind": "Name",
                  "value": "String"
                }
              }
            },
            "variable": {
              "kind": "Variable",
              "name": {
                "kind": "Name",
                "value": "channelLogin"
              }
            }
          },
          {
            "directives": [],
            "kind": "VariableDefinition",
            "type": {
              "kind": "NamedType",
              "name": {
                "kind": "Name",
                "value": "ID"
              }
            },
            "variable": {
              "kind": "Variable",
              "name": {
                "kind": "Name",
                "value": "id"
              }
            }
          },
          {
            "directives": [],
            "kind": "VariableDefinition",
            "type": {
              "kind": "NamedType",
              "name": {
                "kind": "Name",
                "value": "Cursor"
              }
            },
            "variable": {
              "kind": "Variable",
              "name": {
                "kind": "Name",
                "value": "cursor"
              }
            }
          },
          {
            "directives": [],
            "kind": "VariableDefinition",
            "type": {
              "kind": "NamedType",
              "name": {
                "kind": "Name",
                "value": "CommunityPointsCustomRewardRedemptionQueueSortOrder"
              }
            },
            "variable": {
              "kind": "Variable",
              "name": {
                "kind": "Name",
                "value": "order"
              }
            }
          },
          {
            "directives": [],
            "kind": "VariableDefinition",
            "type": {
              "kind": "NamedType",
              "name": {
                "kind": "Name",
                "value": "Int"
              }
            },
            "variable": {
              "kind": "Variable",
              "name": {
                "kind": "Name",
                "value": "count"
              }
            }
          }
        ]
      }
    ],
    "kind": "Document",
    "loc": {
      "end": 442,
      "source": {
        "body": "query RedemptionsByRewardID_Paginated(\n$\"channelLogin\": String!\n$\"id\": ID\n$\"cursor\": Cursor\n$\"order\": CommunityPointsCustomRewardRedemptionQueueSortOrder\n$\"count\": Int\n) {\nuser(\"login\": $channelLogin) {\nid\nchannel {\nid\ncommunityPointsRedemptionQueue(\"noptions\": { \"rewardID\": $id \"status\": UNFULFILLED \"order\": $order }\"nfirst\": $count\"nafter\": $cursor\n) {\nedges {\ncursor\nnode {\nid\nreward {\nid\ntitle\n}\nuser {\nid\n}\ninput\ntimestamp\n}\n}\npageInfo {\nhasNextPage\n}\n}\n}\n}\n}",
        "locationOffset": {
          "column": 1,
          "line": 1
        },
        "name": "GraphQL request"
      },
      "start": 0
    }
  },
  "SyncedSettingsReadableChatColors": {
    "definitions": [
      {
        "directives": [],
        "kind": "OperationDefinition",
        "name": {
          "kind": "Name",
          "value": "SyncedSettingsReadableChatColors"
        },
        "operation": "query",
        "selectionSet": {
          "kind": "SelectionSet",
          "selections": [
            {
              "arguments": [],
              "directives": [],
              "kind": "Field",
              "name": {
                "kind": "Name",
                "value": "currentUser"
              },
              "selectionSet": {
                "kind": "SelectionSet",
                "selections": [
                  {
                    "arguments": [],
                    "directives": [],
                    "kind": "Field",
                    "name": {
                      "kind": "Name",
                      "value": "id"
                    }
                  },
                  {
                    "arguments": [],
                    "directives": [],
                    "kind": "Field",
                    "name": {
                      "kind": "Name",
                      "value": "chatUISettings"
                    },
                    "selectionSet": {
                      "kind": "SelectionSet",
                      "selections": [
                        {
                          "arguments": [],
                          "directives": [],
                          "kind": "Field",
                          "name": {
                            "kind": "Name",
                            "value": "isReadableChatColorsEnabled"
                          }
                        }
                      ]
                    }
                  }
                ]
              }
            }
          ]
        },
        "variableDefinitions": []
      }
    ],
    "kind": "Document",
    "loc": {
      "end": 108,
      "source": {
        "body": "query SyncedSettingsReadableChatColors {\ncurrentUser {\nid\nchatUISettings {\nisReadableChatColorsEnabled\n}\n}\n}",
        "locationOffset": {
          "column": 1,
          "line": 1
        },
        "name": "GraphQL request"
      },
      "start": 0
    }
  },
  "SyncedSettingsSetReadableChatColors": {
    "definitions": [
      {
        "directives": [],
        "kind": "OperationDefinition",
        "name": {
          "kind": "Name",
          "value": "SyncedSettingsSetReadableChatColors"
        },
        "operation": "mutation",
        "selectionSet": {
          "kind": "SelectionSet",
          "selections": [
            {
              "arguments": [
                {
                  "kind": "Argument",
                  "name": {
                    "kind": "Name",
                    "value": "input"
                  },
                  "value": {
                    "kind": "Variable",
                    "name": {
                      "kind": "Name",
                      "value": "input"
                    }
                  }
                }
              ],
              "directives": [],
              "kind": "Field",
              "name": {
                "kind": "Name",
                "value": "setReadableChatColorsEnabled"
              },
              "selectionSet": {
                "kind": "SelectionSet",
                "selections": [
                  {
                    "arguments": [],
                    "directives": [],
                    "kind": "Field",
                    "name": {
                      "kind": "Name",
                      "value": "isReadableChatColorsEnabled"
                    }
                  }
                ]
              }
            }
          ]
        },
        "variableDefinitions": [
          {
            "directives": [],
            "kind": "VariableDefinition",
            "type": {
              "kind": "NonNullType",
              "type": {
                "kind": "NamedType",
                "name": {
                  "kind": "Name",
                  "value": "SetReadableChatColorsEnabledInput"
                }
              }
            },
            "variable": {
              "kind": "Variable",
              "name": {
                "kind": "Name",
                "value": "input"
              }
            }
          }
        ]
      }
    ],
    "kind": "Document",
    "loc": {
      "end": 167,
      "source": {
        "body": "mutation SyncedSettingsSetReadableChatColors($\"input\": SetReadableChatColorsEnabledInput!) {\nsetReadableChatColorsEnabled(\"input\":$input) {\nisReadableChatColorsEnabled\n}\n}",
        "locationOffset": {
          "column": 1,
          "line": 1
        },
        "name": "GraphQL request"
      },
      "start": 0
    }
  },
  "UpdateCoPoCustomRewardStatus": {
    "definitions": [
      {
        "directives": [],
        "kind": "OperationDefinition",
        "name": {
          "kind": "Name",
          "value": "UpdateCoPoCustomRewardStatus"
        },
        "operation": "mutation",
        "selectionSet": {
          "kind": "SelectionSet",
          "selections": [
            {
              "arguments": [
                {
                  "kind": "Argument",
                  "name": {
                    "kind": "Name",
                    "value": "input"
                  },
                  "value": {
                    "kind": "Variable",
                    "name": {
                      "kind": "Name",
                      "value": "input"
                    }
                  }
                }
              ],
              "directives": [],
              "kind": "Field",
              "name": {
                "kind": "Name",
                "value": "updateCommunityPointsCustomRewardRedemptionStatus"
              },
              "selectionSet": {
                "kind": "SelectionSet",
                "selections": [
                  {
                    "arguments": [],
                    "directives": [],
                    "kind": "Field",
                    "name": {
                      "kind": "Name",
                      "value": "redemption"
                    },
                    "selectionSet": {
                      "kind": "SelectionSet",
                      "selections": [
                        {
                          "arguments": [],
                          "directives": [],
                          "kind": "Field",
                          "name": {
                            "kind": "Name",
                            "value": "id"
                          }
                        },
                        {
                          "arguments": [],
                          "directives": [],
                          "kind": "Field",
                          "name": {
                            "kind": "Name",
                            "value": "input"
                          }
                        },
                        {
                          "arguments": [],
                          "directives": [],
                          "kind": "Field",
                          "name": {
                            "kind": "Name",
                            "value": "status"
                          }
                        },
                        {
                          "arguments": [],
                          "directives": [],
                          "kind": "Field",
                          "name": {
                            "kind": "Name",
                            "value": "reward"
                          },
                          "selectionSet": {
                            "kind": "SelectionSet",
                            "selections": [
                              {
                                "arguments": [],
                                "directives": [],
                                "kind": "Field",
                                "name": {
                                  "kind": "Name",
                                  "value": "id"
                                }
                              }
                            ]
                          }
                        }
                      ]
                    }
                  }
                ]
              }
            }
          ]
        },
        "variableDefinitions": [
          {
            "directives": [],
            "kind": "VariableDefinition",
            "type": {
              "kind": "NonNullType",
              "type": {
                "kind": "NamedType",
                "name": {
                  "kind": "Name",
                  "value": "UpdateCommunityPointsCustomRewardRedemptionStatusInput"
                }
              }
            },
            "variable": {
              "kind": "Variable",
              "name": {
                "kind": "Name",
                "value": "input"
              }
            }
          }
        ]
      }
    ],
    "kind": "Document",
    "loc": {
      "end": 222,
      "source": {
        "body": "mutation UpdateCoPoCustomRewardStatus(\n$\"input\": UpdateCommunityPointsCustomRewardRedemptionStatusInput!\n) {\nupdateCommunityPointsCustomRewardRedemptionStatus(\"input\": $input) {\nredemption {\nid\ninput\nstatus\nreward {\nid\n}\n}\n}\n}",
        "locationOffset": {
          "column": 1,
          "line": 1
        },
        "name": "GraphQL request"
      },
      "start": 0
    }
  },
  "UserIdByLogin": {
    "definitions": [
      {
        "directives": [],
        "kind": "OperationDefinition",
        "name": {
          "kind": "Name",
          "value": "UserIdByLogin"
        },
        "operation": "query",
        "selectionSet": {
          "kind": "SelectionSet",
          "selections": [
            {
              "arguments": [
                {
                  "kind": "Argument",
                  "name": {
                    "kind": "Name",
                    "value": "login"
                  },
                  "value": {
                    "kind": "Variable",
                    "name": {
                      "kind": "Name",
                      "value": "channelLogin"
                    }
                  }
                }
              ],
              "directives": [],
              "kind": "Field",
              "name": {
                "kind": "Name",
                "value": "user"
              },
              "selectionSet": {
                "kind": "SelectionSet",
                "selections": [
                  {
                    "arguments": [],
                    "directives": [],
                    "kind": "Field",
                    "name": {
                      "kind": "Name",
                      "value": "id"
                    }
                  }
                ]
              }
            }
          ]
        },
        "variableDefinitions": [
          {
            "directives": [],
            "kind": "VariableDefinition",
            "type": {
              "kind": "NonNullType",
              "type": {
                "kind": "NamedType",
                "name": {
                  "kind": "Name",
                  "value": "String"
                }
              }
            },
            "variable": {
              "kind": "Variable",
              "name": {
                "kind": "Name",
                "value": "channelLogin"
              }
            }
          }
        ]
      }
    ],
    "kind": "Document",
    "loc": {
      "end": 81,
      "source": {
        "body": "query UserIdByLogin($\"channelLogin\": String!) {\nuser(\"login\": $channelLogin) {\nid\n}\n}",
        "locationOffset": {
          "column": 1,
          "line": 1
        },
        "name": "GraphQL request"
      },
      "start": 0
    }
  },
  "UserModStatus": {
    "definitions": [
      {
        "directives": [],
        "kind": "OperationDefinition",
        "name": {
          "kind": "Name",
          "value": "UserModStatus"
        },
        "operation": "query",
        "selectionSet": {
          "kind": "SelectionSet",
          "selections": [
            {
              "arguments": [
                {
                  "kind": "Argument",
                  "name": {
                    "kind": "Name",
                    "value": "id"
                  },
                  "value": {
                    "kind": "Variable",
                    "name": {
                      "kind": "Name",
                      "value": "userID"
                    }
                  }
                }
              ],
              "directives": [],
              "kind": "Field",
              "name": {
                "kind": "Name",
                "value": "user"
              },
              "selectionSet": {
                "kind": "SelectionSet",
                "selections": [
                  {
                    "arguments": [],
                    "directives": [],
                    "kind": "Field",
                    "name": {
                      "kind": "Name",
                      "value": "id"
                    }
                  },
                  {
                    "arguments": [],
                    "directives": [],
                    "kind": "Field",
                    "name": {
                      "kind": "Name",
                      "value": "login"
                    }
                  },
                  {
                    "arguments": [
                      {
                        "kind": "Argument",
                        "name": {
                          "kind": "Name",
                          "value": "channelID"
                        },
                        "value": {
                          "kind": "Variable",
                          "name": {
                            "kind": "Name",
                            "value": "channelID"
                          }
                        }
                      }
                    ],
                    "directives": [],
                    "kind": "Field",
                    "name": {
                      "kind": "Name",
                      "value": "isModerator"
                    }
                  }
                ]
              }
            }
          ]
        },
        "variableDefinitions": [
          {
            "directives": [],
            "kind": "VariableDefinition",
            "type": {
              "kind": "NonNullType",
              "type": {
                "kind": "NamedType",
                "name": {
                  "kind": "Name",
                  "value": "ID"
                }
              }
            },
            "variable": {
              "kind": "Variable",
              "name": {
                "kind": "Name",
                "value": "userID"
              }
            }
          },
          {
            "directives": [],
            "kind": "VariableDefinition",
            "type": {
              "kind": "NonNullType",
              "type": {
                "kind": "NamedType",
                "name": {
                  "kind": "Name",
                  "value": "String"
                }
              }
            },
            "variable": {
              "kind": "Variable",
              "name": {
                "kind": "Name",
                "value": "channelID"
              }
            }
          }
        ]
      }
    ],
    "kind": "Document",
    "loc": {
      "end": 124,
      "source": {
        "body": "query UserModStatus ($\"userID\": ID! $\"channelID\": String!) {\nuser(\"id\": $userID) {\nid\nlogin\nisModerator(\"channelID\": $channelID)\n}\n}",
        "locationOffset": {
          "column": 1,
          "line": 1
        },
        "name": "GraphQL request"
      },
      "start": 0
    }
  },
  "badge": {
    "definitions": [
      {
        "directives": [],
        "kind": "FragmentDefinition",
        "name": {
          "kind": "Name",
          "value": "badge"
        },
        "selectionSet": {
          "kind": "SelectionSet",
          "selections": [
            {
              "arguments": [],
              "directives": [],
              "kind": "Field",
              "name": {
                "kind": "Name",
                "value": "id"
              }
            },
            {
              "arguments": [],
              "directives": [],
              "kind": "Field",
              "name": {
                "kind": "Name",
                "value": "setID"
              }
            },
            {
              "arguments": [],
              "directives": [],
              "kind": "Field",
              "name": {
                "kind": "Name",
                "value": "version"
              }
            },
            {
              "arguments": [],
              "directives": [],
              "kind": "Field",
              "name": {
                "kind": "Name",
                "value": "title"
              }
            },
            {
              "alias": {
                "kind": "Name",
                "value": "image1x"
              },
              "arguments": [
                {
                  "kind": "Argument",
                  "name": {
                    "kind": "Name",
                    "value": "size"
                  },
                  "value": {
                    "kind": "EnumValue",
                    "value": "NORMAL"
                  }
                }
              ],
              "directives": [],
              "kind": "Field",
              "name": {
                "kind": "Name",
                "value": "imageURL"
              }
            },
            {
              "alias": {
                "kind": "Name",
                "value": "image2x"
              },
              "arguments": [
                {
                  "kind": "Argument",
                  "name": {
                    "kind": "Name",
                    "value": "size"
                  },
                  "value": {
                    "kind": "EnumValue",
                    "value": "DOUBLE"
                  }
                }
              ],
              "directives": [],
              "kind": "Field",
              "name": {
                "kind": "Name",
                "value": "imageURL"
              }
            },
            {
              "alias": {
                "kind": "Name",
                "value": "image4x"
              },
              "arguments": [
                {
                  "kind": "Argument",
                  "name": {
                    "kind": "Name",
                    "value": "size"
                  },
                  "value": {
                    "kind": "EnumValue",
                    "value": "QUADRUPLE"
                  }
                }
              ],
              "directives": [],
              "kind": "Field",
              "name": {
                "kind": "Name",
                "value": "imageURL"
              }
            },
            {
              "arguments": [],
              "directives": [],
              "kind": "Field",
              "name": {
                "kind": "Name",
                "value": "clickAction"
              }
            },
            {
              "arguments": [],
              "directives": [],
              "kind": "Field",
              "name": {
                "kind": "Name",
                "value": "clickURL"
              }
            }
          ]
        },
        "typeCondition": {
          "kind": "NamedType",
          "name": {
            "kind": "Name",
            "value": "Badge"
          }
        }
      }
    ],
    "kind": "Document",
    "loc": {
      "end": 170,
      "source": {
        "body": "fragment badge on Badge {\nid\nsetID\nversion\ntitle\nimage1\"x\": imageURL(\"size\": NORMAL)\nimage2\"x\": imageURL(\"size\": DOUBLE)\nimage4\"x\": imageURL(\"size\": QUADRUPLE)\nclickAction\nclickURL\n}",
        "locationOffset": {
          "column": 1,
          "line": 1
        },
        "name": "GraphQL request"
      },
      "start": 0
    }
  },
  "pointsImageFragment": {
    "definitions": [
      {
        "directives": [],
        "kind": "FragmentDefinition",
        "name": {
          "kind": "Name",
          "value": "pointsImageFragment"
        },
        "selectionSet": {
          "kind": "SelectionSet",
          "selections": [
            {
              "arguments": [],
              "directives": [],
              "kind": "Field",
              "name": {
                "kind": "Name",
                "value": "url"
              }
            },
            {
              "arguments": [],
              "directives": [],
              "kind": "Field",
              "name": {
                "kind": "Name",
                "value": "url2x"
              }
            },
            {
              "arguments": [],
              "directives": [],
              "kind": "Field",
              "name": {
                "kind": "Name",
                "value": "url4x"
              }
            }
          ]
        },
        "typeCondition": {
          "kind": "NamedType",
          "name": {
            "kind": "Name",
            "value": "CommunityPointsImage"
          }
        }
      }
    ],
    "kind": "Document",
    "loc": {
      "end": 72,
      "source": {
        "body": "fragment pointsImageFragment on CommunityPointsImage {\nurl\nurl2x\nurl4x\n}",
        "locationOffset": {
          "column": 1,
          "line": 1
        },
        "name": "GraphQL request"
      },
      "start": 0
    }
  },
  "rewardQueueProgressFragment": {
    "definitions": [
      {
        "directives": [],
        "kind": "FragmentDefinition",
        "name": {
          "kind": "Name",
          "value": "rewardQueueProgressFragment"
        },
        "selectionSet": {
          "kind": "SelectionSet",
          "selections": [
            {
              "arguments": [],
              "directives": [],
              "kind": "Field",
              "name": {
                "kind": "Name",
                "value": "id"
              }
            },
            {
              "arguments": [],
              "directives": [],
              "kind": "Field",
              "name": {
                "kind": "Name",
                "value": "newStatus"
              }
            },
            {
              "arguments": [],
              "directives": [],
              "kind": "Field",
              "name": {
                "kind": "Name",
                "value": "rewardID"
              }
            },
            {
              "arguments": [],
              "directives": [],
              "kind": "Field",
              "name": {
                "kind": "Name",
                "value": "total"
              }
            },
            {
              "arguments": [],
              "directives": [],
              "kind": "Field",
              "name": {
                "kind": "Name",
                "value": "processed"
              }
            }
          ]
        },
        "typeCondition": {
          "kind": "NamedType",
          "name": {
            "kind": "Name",
            "value": "CommunityPointsUpdateCustomRewardRedemptionStatusesProgress"
          }
        }
      }
    ],
    "kind": "Document",
    "loc": {
      "end": 141,
      "source": {
        "body": "fragment rewardQueueProgressFragment on CommunityPointsUpdateCustomRewardRedemptionStatusesProgress {\nid\nnewStatus\nrewardID\ntotal\nprocessed\n}",
        "locationOffset": {
          "column": 1,
          "line": 1
        },
        "name": "GraphQL request"
      },
      "start": 0
    }
  }
}