{
  "ChannelActiveCharityCampaign": {
    "definitions": [
      {
        "directives": [],
        "kind": "OperationDefinition",
        "name": {
          "kind": "Name",
          "value": "ChannelActiveCharityCampaign"
        },
        "operation": "query",
        "selectionSet": {
          "kind": "SelectionSet",
          "selections": [
            {
              "arguments": [
                {
                  "kind": "Argument",
                  "name": {
                    "kind": "Name",
                    "value": "id"
                  },
                  "value": {
                    "kind": "Variable",
                    "name": {
                      "kind": "Name",
                      "value": "channelID"
                    }
                  }
                }
              ],
              "directives": [],
              "kind": "Field",
              "name": {
                "kind": "Name",
                "value": "channel"
              },
              "selectionSet": {
                "kind": "SelectionSet",
                "selections": [
                  {
                    "arguments": [],
                    "directives": [],
                    "kind": "Field",
                    "name": {
                      "kind": "Name",
                      "value": "id"
                    }
                  },
                  {
                    "arguments": [],
                    "directives": [],
                    "kind": "Field",
                    "name": {
                      "kind": "Name",
                      "value": "activeCharityCampaign"
                    },
                    "selectionSet": {
                      "kind": "SelectionSet",
                      "selections": [
                        {
                          "arguments": [],
                          "directives": [],
                          "kind": "Field",
                          "name": {
                            "kind": "Name",
                            "value": "id"
                          }
                        },
                        {
                          "arguments": [],
                          "directives": [],
                          "kind": "Field",
                          "name": {
                            "kind": "Name",
                            "value": "charities"
                          },
                          "selectionSet": {
                            "kind": "SelectionSet",
                            "selections": [
                              {
                                "arguments": [],
                                "directives": [],
                                "kind": "Field",
                                "name": {
                                  "kind": "Name",
                                  "value": "id"
                                }
                              },
                              {
                                "arguments": [],
                                "directives": [],
                                "kind": "Field",
                                "name": {
                                  "kind": "Name",
                                  "value": "logoURL"
                                }
                              },
                              {
                                "arguments": [],
                                "directives": [],
                                "kind": "Field",
                                "name": {
                                  "kind": "Name",
                                  "value": "name"
                                }
                              }
                            ]
                          }
                        },
                        {
                          "arguments": [],
                          "directives": [],
                          "kind": "Field",
                          "name": {
                            "kind": "Name",
                            "value": "isArchived"
                          }
                        }
                      ]
                    }
                  }
                ]
              }
            }
          ]
        },
        "variableDefinitions": [
          {
            "directives": [],
            "kind": "VariableDefinition",
            "type": {
              "kind": "NonNullType",
              "type": {
                "kind": "NamedType",
                "name": {
                  "kind": "Name",
                  "value": "ID"
                }
              }
            },
            "variable": {
              "kind": "Variable",
              "name": {
                "kind": "Name",
                "value": "channelID"
              }
            }
          }
        ]
      }
    ],
    "kind": "Document",
    "loc": {
      "end": 156,
      "source": {
        "body": "query ChannelActiveCharityCampaign($\"channelID\": ID!) {\nchannel(\"id\": $channelID) {\nid\nactiveCharityCampaign {\nid\ncharities {\nid\nlogoURL\nname\n}\nisArchived\n}\n}\n}",
        "locationOffset": {
          "column": 1,
          "line": 1
        },
        "name": "GraphQL request"
      },
      "start": 0
    }
  },
  "ChannelAvatar": {
    "definitions": [
      {
        "directives": [],
        "kind": "OperationDefinition",
        "name": {
          "kind": "Name",
          "value": "ChannelAvatar"
        },
        "operation": "query",
        "selectionSet": {
          "kind": "SelectionSet",
          "selections": [
            {
              "arguments": [
                {
                  "kind": "Argument",
                  "name": {
                    "kind": "Name",
                    "value": "login"
                  },
                  "value": {
                    "kind": "Variable",
                    "name": {
                      "kind": "Name",
                      "value": "channelLogin"
                    }
                  }
                }
              ],
              "directives": [],
              "kind": "Field",
              "name": {
                "kind": "Name",
                "value": "user"
              },
              "selectionSet": {
                "kind": "SelectionSet",
                "selections": [
                  {
                    "arguments": [],
                    "directives": [],
                    "kind": "Field",
                    "name": {
                      "kind": "Name",
                      "value": "id"
                    }
                  },
                  {
                    "arguments": [],
                    "directives": [],
                    "kind": "Field",
                    "name": {
                      "kind": "Name",
                      "value": "followers"
                    },
                    "selectionSet": {
                      "kind": "SelectionSet",
                      "selections": [
                        {
                          "arguments": [],
                          "directives": [],
                          "kind": "Field",
                          "name": {
                            "kind": "Name",
                            "value": "totalCount"
                          }
                        }
                      ]
                    }
                  },
                  {
                    "arguments": [],
                    "directives": [],
                    "kind": "Field",
                    "name": {
                      "kind": "Name",
                      "value": "isPartner"
                    }
                  },
                  {
                    "arguments": [],
                    "directives": [],
                    "kind": "Field",
                    "name": {
                      "kind": "Name",
                      "value": "primaryColorHex"
                    }
                  }
                ]
              }
            }
          ]
        },
        "variableDefinitions": [
          {
            "directives": [],
            "kind": "VariableDefinition",
            "type": {
              "kind": "NonNullType",
              "type": {
                "kind": "NamedType",
                "name": {
                  "kind": "Name",
                  "value": "String"
                }
              }
            },
            "variable": {
              "kind": "Variable",
              "name": {
                "kind": "Name",
                "value": "channelLogin"
              }
            }
          }
        ]
      }
    ],
    "kind": "Document",
    "loc": {
      "end": 132,
      "source": {
        "body": "query ChannelAvatar($\"channelLogin\": String!) {\nuser(\"login\": $channelLogin) {\nid\nfollowers {\ntotalCount\n}\nisPartner\nprimaryColorHex\n}\n}",
        "locationOffset": {
          "column": 1,
          "line": 1
        },
        "name": "GraphQL request"
      },
      "start": 0
    }
  },
  "ChannelSocialButtons": {
    "definitions": [
      {
        "directives": [],
        "kind": "OperationDefinition",
        "name": {
          "kind": "Name",
          "value": "ChannelSocialButtons"
        },
        "operation": "query",
        "selectionSet": {
          "kind": "SelectionSet",
          "selections": [
            {
              "arguments": [
                {
                  "kind": "Argument",
                  "name": {
                    "kind": "Name",
                    "value": "id"
                  },
                  "value": {
                    "kind": "Variable",
                    "name": {
                      "kind": "Name",
                      "value": "channelID"
                    }
                  }
                }
              ],
              "directives": [],
              "kind": "Field",
              "name": {
                "kind": "Name",
                "value": "channel"
              },
              "selectionSet": {
                "kind": "SelectionSet",
                "selections": [
                  {
                    "arguments": [],
                    "directives": [],
                    "kind": "Field",
                    "name": {
                      "kind": "Name",
                      "value": "id"
                    }
                  },
                  {
                    "arguments": [],
                    "directives": [],
                    "kind": "Field",
                    "name": {
                      "kind": "Name",
                      "value": "localEmoteSets"
                    },
                    "selectionSet": {
                      "kind": "SelectionSet",
                      "selections": [
                        {
                          "arguments": [],
                          "directives": [],
                          "kind": "Field",
                          "name": {
                            "kind": "Name",
                            "value": "id"
                          }
                        },
                        {
                          "arguments": [],
                          "directives": [],
                          "kind": "Field",
                          "name": {
                            "kind": "Name",
                            "value": "emotes"
                          },
                          "selectionSet": {
                            "kind": "SelectionSet",
                            "selections": [
                              {
                                "arguments": [],
                                "directives": [],
                                "kind": "Field",
                                "name": {
                                  "kind": "Name",
                                  "value": "id"
                                }
                              },
                              {
                                "arguments": [],
                                "directives": [],
                                "kind": "Field",
                                "name": {
                                  "kind": "Name",
                                  "value": "token"
                                }
                              },
                              {
                                "arguments": [],
                                "directives": [],
                                "kind": "Field",
                                "name": {
                                  "kind": "Name",
                                  "value": "type"
                                }
                              }
                            ]
                          }
                        },
                        {
                          "arguments": [],
                          "directives": [],
                          "kind": "Field",
                          "name": {
                            "kind": "Name",
                            "value": "productType"
                          }
                        }
                      ]
                    }
                  }
                ]
              }
            }
          ]
        },
        "variableDefinitions": [
          {
            "directives": [],
            "kind": "VariableDefinition",
            "type": {
              "kind": "NonNullType",
              "type": {
                "kind": "NamedType",
                "name": {
                  "kind": "Name",
                  "value": "ID"
                }
              }
            },
            "variable": {
              "kind": "Variable",
              "name": {
                "kind": "Name",
                "value": "channelID"
              }
            }
          }
        ]
      }
    ],
    "kind": "Document",
    "loc": {
      "end": 137,
      "source": {
        "body": "query ChannelSocialButtons($\"channelID\": ID!) {\nchannel(\"id\": $channelID) {\nid\nlocalEmoteSets {\nid\nemotes {\nid\ntoken\ntype\n}\nproductType\n}\n}\n}",
        "locationOffset": {
          "column": 1,
          "line": 1
        },
        "name": "GraphQL request"
      },
      "start": 0
    }
  },
  "ChannelSupportButtons": {
    "definitions": [
      {
        "directives": [],
        "kind": "OperationDefinition",
        "name": {
          "kind": "Name",
          "value": "ChannelSupportButtons"
        },
        "operation": "query",
        "selectionSet": {
          "kind": "SelectionSet",
          "selections": [
            {
              "arguments": [
                {
                  "kind": "Argument",
                  "name": {
                    "kind": "Name",
                    "value": "login"
                  },
                  "value": {
                    "kind": "Variable",
                    "name": {
                      "kind": "Name",
                      "value": "channelLogin"
                    }
                  }
                }
              ],
              "directives": [],
              "kind": "Field",
              "name": {
                "kind": "Name",
                "value": "user"
              },
              "selectionSet": {
                "kind": "SelectionSet",
                "selections": [
                  {
                    "arguments": [],
                    "directives": [],
                    "kind": "Field",
                    "name": {
                      "kind": "Name",
                      "value": "id"
                    }
                  },
                  {
                    "arguments": [],
                    "directives": [],
                    "kind": "Field",
                    "name": {
                      "kind": "Name",
                      "value": "displayName"
                    }
                  },
                  {
                    "arguments": [],
                    "directives": [],
                    "kind": "Field",
                    "name": {
                      "kind": "Name",
                      "value": "self"
                    },
                    "selectionSet": {
                      "kind": "SelectionSet",
                      "selections": [
                        {
                          "arguments": [],
                          "directives": [],
                          "kind": "Field",
                          "name": {
                            "kind": "Name",
                            "value": "follower"
                          },
                          "selectionSet": {
                            "kind": "SelectionSet",
                            "selections": [
                              {
                                "arguments": [],
                                "directives": [],
                                "kind": "Field",
                                "name": {
                                  "kind": "Name",
                                  "value": "disableNotifications"
                                }
                              }
                            ]
                          }
                        }
                      ]
                    }
                  }
                ]
              }
            }
          ]
        },
        "variableDefinitions": [
          {
            "directives": [],
            "kind": "VariableDefinition",
            "type": {
              "kind": "NonNullType",
              "type": {
                "kind": "NamedType",
                "name": {
                  "kind": "Name",
                  "value": "String"
                }
              }
            },
            "variable": {
              "kind": "Variable",
              "name": {
                "kind": "Name",
                "value": "channelLogin"
              }
            }
          }
        ]
      }
    ],
    "kind": "Document",
    "loc": {
      "end": 144,
      "source": {
        "body": "query ChannelSupportButtons($\"channelLogin\": String!) {\nuser(\"login\": $channelLogin) {\nid\ndisplayName\nself {\nfollower {\ndisableNotifications\n}\n}\n}\n}",
        "locationOffset": {
          "column": 1,
          "line": 1
        },
        "name": "GraphQL request"
      },
      "start": 0
    }
  },
  "LowerHomeHeader": {
    "definitions": [
      {
        "directives": [],
        "kind": "OperationDefinition",
        "name": {
          "kind": "Name",
          "value": "LowerHomeHeader"
        },
        "operation": "query",
        "selectionSet": {
          "kind": "SelectionSet",
          "selections": [
            {
              "arguments": [
                {
                  "kind": "Argument",
                  "name": {
                    "kind": "Name",
                    "value": "login"
                  },
                  "value": {
                    "kind": "Variable",
                    "name": {
                      "kind": "Name",
                      "value": "channelLogin"
                    }
                  }
                }
              ],
              "directives": [],
              "kind": "Field",
              "name": {
                "kind": "Name",
                "value": "user"
              },
              "selectionSet": {
                "kind": "SelectionSet",
                "selections": [
                  {
                    "arguments": [],
                    "directives": [],
                    "kind": "Field",
                    "name": {
                      "kind": "Name",
                      "value": "id"
                    }
                  },
                  {
                    "arguments": [],
                    "directives": [],
                    "kind": "Field",
                    "name": {
                      "kind": "Name",
                      "value": "self"
                    },
                    "selectionSet": {
                      "kind": "SelectionSet",
                      "selections": [
                        {
                          "arguments": [],
                          "directives": [],
                          "kind": "Field",
                          "name": {
                            "kind": "Name",
                            "value": "isEditor"
                          }
                        }
                      ]
                    }
                  }
                ]
              }
            }
          ]
        },
        "variableDefinitions": [
          {
            "directives": [],
            "kind": "VariableDefinition",
            "type": {
              "kind": "NonNullType",
              "type": {
                "kind": "NamedType",
                "name": {
                  "kind": "Name",
                  "value": "String"
                }
              }
            },
            "variable": {
              "kind": "Variable",
              "name": {
                "kind": "Name",
                "value": "channelLogin"
              }
            }
          }
        ]
      }
    ],
    "kind": "Document",
    "loc": {
      "end": 101,
      "source": {
        "body": "query LowerHomeHeader($\"channelLogin\": String!) {\nuser(\"login\": $channelLogin) {\nid\nself {\nisEditor\n}\n}\n}",
        "locationOffset": {
          "column": 1,
          "line": 1
        },
        "name": "GraphQL request"
      },
      "start": 0
    }
  },
  "streamEventCelebration": {
    "definitions": [
      {
        "directives": [],
        "kind": "FragmentDefinition",
        "name": {
          "kind": "Name",
          "value": "streamEventCelebration"
        },
        "selectionSet": {
          "kind": "SelectionSet",
          "selections": [
            {
              "arguments": [],
              "directives": [],
              "kind": "Field",
              "name": {
                "kind": "Name",
                "value": "id"
              }
            },
            {
              "arguments": [],
              "directives": [],
              "kind": "Field",
              "name": {
                "kind": "Name",
                "value": "occursAt"
              }
            },
            {
              "arguments": [],
              "directives": [],
              "kind": "Field",
              "name": {
                "kind": "Name",
                "value": "isSnoozed"
              }
            }
          ]
        },
        "typeCondition": {
          "kind": "NamedType",
          "name": {
            "kind": "Name",
            "value": "StreamEventCelebration"
          }
        }
      }
    ],
    "kind": "Document",
    "loc": {
      "end": 83,
      "source": {
        "body": "fragment streamEventCelebration on StreamEventCelebration {\nid\noccursAt\nisSnoozed\n}",
        "locationOffset": {
          "column": 1,
          "line": 1
        },
        "name": "GraphQL request"
      },
      "start": 0
    }
  }
}