{
  "CreateDragAndDropLayout": {
    "definitions": [
      {
        "directives": [],
        "kind": "OperationDefinition",
        "name": {
          "kind": "Name",
          "value": "CreateDragAndDropLayout"
        },
        "operation": "mutation",
        "selectionSet": {
          "kind": "SelectionSet",
          "selections": [
            {
              "arguments": [
                {
                  "kind": "Argument",
                  "name": {
                    "kind": "Name",
                    "value": "input"
                  },
                  "value": {
                    "kind": "Variable",
                    "name": {
                      "kind": "Name",
                      "value": "input"
                    }
                  }
                }
              ],
              "directives": [],
              "kind": "Field",
              "name": {
                "kind": "Name",
                "value": "createDashboardViewMosaicLayout"
              },
              "selectionSet": {
                "kind": "SelectionSet",
                "selections": [
                  {
                    "arguments": [],
                    "directives": [],
                    "kind": "Field",
                    "name": {
                      "kind": "Name",
                      "value": "errorCode"
                    }
                  },
                  {
                    "arguments": [],
                    "directives": [],
                    "kind": "Field",
                    "name": {
                      "kind": "Name",
                      "value": "layout"
                    },
                    "selectionSet": {
                      "kind": "SelectionSet",
                      "selections": [
                        {
                          "arguments": [],
                          "directives": [],
                          "kind": "Field",
                          "name": {
                            "kind": "Name",
                            "value": "id"
                          }
                        },
                        {
                          "arguments": [],
                          "directives": [],
                          "kind": "Field",
                          "name": {
                            "kind": "Name",
                            "value": "name"
                          }
                        },
                        {
                          "arguments": [],
                          "directives": [],
                          "kind": "Field",
                          "name": {
                            "kind": "Name",
                            "value": "version"
                          }
                        },
                        {
                          "arguments": [],
                          "directives": [],
                          "kind": "Field",
                          "name": {
                            "kind": "Name",
                            "value": "lastUpdated"
                          }
                        },
                        {
                          "directives": [
                            {
                              "arguments": [
                                {
                                  "kind": "Argument",
                                  "name": {
                                    "kind": "Name",
                                    "value": "if"
                                  },
                                  "value": {
                                    "kind": "Variable",
                                    "name": {
                                      "kind": "Name",
                                      "value": "isStreamManagerMosaicLayout"
                                    }
                                  }
                                }
                              ],
                              "kind": "Directive",
                              "name": {
                                "kind": "Name",
                                "value": "include"
                              }
                            }
                          ],
                          "kind": "InlineFragment",
                          "selectionSet": {
                            "kind": "SelectionSet",
                            "selections": [
                              {
                                "arguments": [],
                                "directives": [],
                                "kind": "Field",
                                "name": {
                                  "kind": "Name",
                                  "value": "data"
                                }
                              }
                            ]
                          },
                          "typeCondition": {
                            "kind": "NamedType",
                            "name": {
                              "kind": "Name",
                              "value": "StreamManagerMosaicLayout"
                            }
                          }
                        },
                        {
                          "directives": [
                            {
                              "arguments": [
                                {
                                  "kind": "Argument",
                                  "name": {
                                    "kind": "Name",
                                    "value": "if"
                                  },
                                  "value": {
                                    "kind": "Variable",
                                    "name": {
                                      "kind": "Name",
                                      "value": "isTwitchStudioMosaicLayout"
                                    }
                                  }
                                }
                              ],
                              "kind": "Directive",
                              "name": {
                                "kind": "Name",
                                "value": "include"
                              }
                            }
                          ],
                          "kind": "InlineFragment",
                          "selectionSet": {
                            "kind": "SelectionSet",
                            "selections": [
                              {
                                "arguments": [],
                                "directives": [],
                                "kind": "Field",
                                "name": {
                                  "kind": "Name",
                                  "value": "data"
                                }
                              }
                            ]
                          },
                          "typeCondition": {
                            "kind": "NamedType",
                            "name": {
                              "kind": "Name",
                              "value": "TwitchStudioMosaicLayout"
                            }
                          }
                        }
                      ]
                    }
                  }
                ]
              }
            }
          ]
        },
        "variableDefinitions": [
          {
            "directives": [],
            "kind": "VariableDefinition",
            "type": {
              "kind": "NonNullType",
              "type": {
                "kind": "NamedType",
                "name": {
                  "kind": "Name",
                  "value": "CreateDashboardViewMosaicLayoutInput"
                }
              }
            },
            "variable": {
              "kind": "Variable",
              "name": {
                "kind": "Name",
                "value": "input"
              }
            }
          },
          {
            "directives": [],
            "kind": "VariableDefinition",
            "type": {
              "kind": "NonNullType",
              "type": {
                "kind": "NamedType",
                "name": {
                  "kind": "Name",
                  "value": "Boolean"
                }
              }
            },
            "variable": {
              "kind": "Variable",
              "name": {
                "kind": "Name",
                "value": "isStreamManagerMosaicLayout"
              }
            }
          },
          {
            "directives": [],
            "kind": "VariableDefinition",
            "type": {
              "kind": "NonNullType",
              "type": {
                "kind": "NamedType",
                "name": {
                  "kind": "Name",
                  "value": "Boolean"
                }
              }
            },
            "variable": {
              "kind": "Variable",
              "name": {
                "kind": "Name",
                "value": "isTwitchStudioMosaicLayout"
              }
            }
          }
        ]
      }
    ],
    "kind": "Document",
    "loc": {
      "end": 430,
      "source": {
        "body": "mutation CreateDragAndDropLayout(\n$\"input\": CreateDashboardViewMosaicLayoutInput!\n$\"isStreamManagerMosaicLayout\": Boolean!\n$\"isTwitchStudioMosaicLayout\": Boolean!\n) {\ncreateDashboardViewMosaicLayout(\"input\": $input) {\nerrorCode\nlayout {\nid\nname\nversion\nlastUpdated\n... on StreamManagerMosaicLayout\n@include(\"if\": $isStreamManagerMosaicLayout) {\ndata\n}\n... on TwitchStudioMosaicLayout\n@include(\"if\": $isTwitchStudioMosaicLayout) {\ndata\n}\n}\n}\n}",
        "locationOffset": {
          "column": 1,
          "line": 1
        },
        "name": "GraphQL request"
      },
      "start": 0
    }
  },
  "DeleteDragAndDropLayout": {
    "definitions": [
      {
        "directives": [],
        "kind": "OperationDefinition",
        "name": {
          "kind": "Name",
          "value": "DeleteDragAndDropLayout"
        },
        "operation": "mutation",
        "selectionSet": {
          "kind": "SelectionSet",
          "selections": [
            {
              "arguments": [
                {
                  "kind": "Argument",
                  "name": {
                    "kind": "Name",
                    "value": "input"
                  },
                  "value": {
                    "kind": "Variable",
                    "name": {
                      "kind": "Name",
                      "value": "input"
                    }
                  }
                }
              ],
              "directives": [],
              "kind": "Field",
              "name": {
                "kind": "Name",
                "value": "deleteDashboardView"
              },
              "selectionSet": {
                "kind": "SelectionSet",
                "selections": [
                  {
                    "arguments": [],
                    "directives": [],
                    "kind": "Field",
                    "name": {
                      "kind": "Name",
                      "value": "errorCode"
                    }
                  }
                ]
              }
            }
          ]
        },
        "variableDefinitions": [
          {
            "directives": [],
            "kind": "VariableDefinition",
            "type": {
              "kind": "NonNullType",
              "type": {
                "kind": "NamedType",
                "name": {
                  "kind": "Name",
                  "value": "DeleteDashboardViewInput"
                }
              }
            },
            "variable": {
              "kind": "Variable",
              "name": {
                "kind": "Name",
                "value": "input"
              }
            }
          }
        ]
      }
    ],
    "kind": "Document",
    "loc": {
      "end": 122,
      "source": {
        "body": "mutation DeleteDragAndDropLayout(\n$\"input\": DeleteDashboardViewInput!\n) {\ndeleteDashboardView(\"input\": $input) {\nerrorCode\n}\n}",
        "locationOffset": {
          "column": 1,
          "line": 1
        },
        "name": "GraphQL request"
      },
      "start": 0
    }
  },
  "UpdateDragAndDropLayout": {
    "definitions": [
      {
        "directives": [],
        "kind": "OperationDefinition",
        "name": {
          "kind": "Name",
          "value": "UpdateDragAndDropLayout"
        },
        "operation": "mutation",
        "selectionSet": {
          "kind": "SelectionSet",
          "selections": [
            {
              "arguments": [
                {
                  "kind": "Argument",
                  "name": {
                    "kind": "Name",
                    "value": "input"
                  },
                  "value": {
                    "kind": "Variable",
                    "name": {
                      "kind": "Name",
                      "value": "input"
                    }
                  }
                }
              ],
              "directives": [],
              "kind": "Field",
              "name": {
                "kind": "Name",
                "value": "updateDashboardViewMosaicLayout"
              },
              "selectionSet": {
                "kind": "SelectionSet",
                "selections": [
                  {
                    "arguments": [],
                    "directives": [],
                    "kind": "Field",
                    "name": {
                      "kind": "Name",
                      "value": "errorCode"
                    }
                  },
                  {
                    "arguments": [],
                    "directives": [],
                    "kind": "Field",
                    "name": {
                      "kind": "Name",
                      "value": "layout"
                    },
                    "selectionSet": {
                      "kind": "SelectionSet",
                      "selections": [
                        {
                          "arguments": [],
                          "directives": [],
                          "kind": "Field",
                          "name": {
                            "kind": "Name",
                            "value": "id"
                          }
                        },
                        {
                          "arguments": [],
                          "directives": [],
                          "kind": "Field",
                          "name": {
                            "kind": "Name",
                            "value": "name"
                          }
                        },
                        {
                          "arguments": [],
                          "directives": [],
                          "kind": "Field",
                          "name": {
                            "kind": "Name",
                            "value": "version"
                          }
                        },
                        {
                          "arguments": [],
                          "directives": [],
                          "kind": "Field",
                          "name": {
                            "kind": "Name",
                            "value": "lastUpdated"
                          }
                        },
                        {
                          "directives": [
                            {
                              "arguments": [
                                {
                                  "kind": "Argument",
                                  "name": {
                                    "kind": "Name",
                                    "value": "if"
                                  },
                                  "value": {
                                    "kind": "Variable",
                                    "name": {
                                      "kind": "Name",
                                      "value": "isStreamManagerMosaicLayout"
                                    }
                                  }
                                }
                              ],
                              "kind": "Directive",
                              "name": {
                                "kind": "Name",
                                "value": "include"
                              }
                            }
                          ],
                          "kind": "InlineFragment",
                          "selectionSet": {
                            "kind": "SelectionSet",
                            "selections": [
                              {
                                "arguments": [],
                                "directives": [],
                                "kind": "Field",
                                "name": {
                                  "kind": "Name",
                                  "value": "data"
                                }
                              }
                            ]
                          },
                          "typeCondition": {
                            "kind": "NamedType",
                            "name": {
                              "kind": "Name",
                              "value": "StreamManagerMosaicLayout"
                            }
                          }
                        },
                        {
                          "directives": [
                            {
                              "arguments": [
                                {
                                  "kind": "Argument",
                                  "name": {
                                    "kind": "Name",
                                    "value": "if"
                                  },
                                  "value": {
                                    "kind": "Variable",
                                    "name": {
                                      "kind": "Name",
                                      "value": "isTwitchStudioMosaicLayout"
                                    }
                                  }
                                }
                              ],
                              "kind": "Directive",
                              "name": {
                                "kind": "Name",
                                "value": "include"
                              }
                            }
                          ],
                          "kind": "InlineFragment",
                          "selectionSet": {
                            "kind": "SelectionSet",
                            "selections": [
                              {
                                "arguments": [],
                                "directives": [],
                                "kind": "Field",
                                "name": {
                                  "kind": "Name",
                                  "value": "data"
                                }
                              }
                            ]
                          },
                          "typeCondition": {
                            "kind": "NamedType",
                            "name": {
                              "kind": "Name",
                              "value": "TwitchStudioMosaicLayout"
                            }
                          }
                        }
                      ]
                    }
                  }
                ]
              }
            }
          ]
        },
        "variableDefinitions": [
          {
            "directives": [],
            "kind": "VariableDefinition",
            "type": {
              "kind": "NonNullType",
              "type": {
                "kind": "NamedType",
                "name": {
                  "kind": "Name",
                  "value": "UpdateDashboardViewMosaicLayoutInput"
                }
              }
            },
            "variable": {
              "kind": "Variable",
              "name": {
                "kind": "Name",
                "value": "input"
              }
            }
          },
          {
            "directives": [],
            "kind": "VariableDefinition",
            "type": {
              "kind": "NonNullType",
              "type": {
                "kind": "NamedType",
                "name": {
                  "kind": "Name",
                  "value": "Boolean"
                }
              }
            },
            "variable": {
              "kind": "Variable",
              "name": {
                "kind": "Name",
                "value": "isStreamManagerMosaicLayout"
              }
            }
          },
          {
            "directives": [],
            "kind": "VariableDefinition",
            "type": {
              "kind": "NonNullType",
              "type": {
                "kind": "NamedType",
                "name": {
                  "kind": "Name",
                  "value": "Boolean"
                }
              }
            },
            "variable": {
              "kind": "Variable",
              "name": {
                "kind": "Name",
                "value": "isTwitchStudioMosaicLayout"
              }
            }
          }
        ]
      }
    ],
    "kind": "Document",
    "loc": {
      "end": 430,
      "source": {
        "body": "mutation UpdateDragAndDropLayout(\n$\"input\": UpdateDashboardViewMosaicLayoutInput!\n$\"isStreamManagerMosaicLayout\": Boolean!\n$\"isTwitchStudioMosaicLayout\": Boolean!\n) {\nupdateDashboardViewMosaicLayout(\"input\": $input) {\nerrorCode\nlayout {\nid\nname\nversion\nlastUpdated\n... on StreamManagerMosaicLayout\n@include(\"if\": $isStreamManagerMosaicLayout) {\ndata\n}\n... on TwitchStudioMosaicLayout\n@include(\"if\": $isTwitchStudioMosaicLayout) {\ndata\n}\n}\n}\n}",
        "locationOffset": {
          "column": 1,
          "line": 1
        },
        "name": "GraphQL request"
      },
      "start": 0
    }
  },
  "UseDragAndDropLayoutsQuery": {
    "definitions": [
      {
        "directives": [],
        "kind": "OperationDefinition",
        "name": {
          "kind": "Name",
          "value": "UseDragAndDropLayoutsQuery"
        },
        "operation": "query",
        "selectionSet": {
          "kind": "SelectionSet",
          "selections": [
            {
              "arguments": [
                {
                  "kind": "Argument",
                  "name": {
                    "kind": "Name",
                    "value": "name"
                  },
                  "value": {
                    "kind": "Variable",
                    "name": {
                      "kind": "Name",
                      "value": "channelLogin"
                    }
                  }
                }
              ],
              "directives": [],
              "kind": "Field",
              "name": {
                "kind": "Name",
                "value": "channel"
              },
              "selectionSet": {
                "kind": "SelectionSet",
                "selections": [
                  {
                    "arguments": [],
                    "directives": [],
                    "kind": "Field",
                    "name": {
                      "kind": "Name",
                      "value": "id"
                    }
                  },
                  {
                    "arguments": [
                      {
                        "kind": "Argument",
                        "name": {
                          "kind": "Name",
                          "value": "type"
                        },
                        "value": {
                          "kind": "Variable",
                          "name": {
                            "kind": "Name",
                            "value": "type"
                          }
                        }
                      }
                    ],
                    "directives": [],
                    "kind": "Field",
                    "name": {
                      "kind": "Name",
                      "value": "dashboardView"
                    },
                    "selectionSet": {
                      "kind": "SelectionSet",
                      "selections": [
                        {
                          "arguments": [],
                          "directives": [],
                          "kind": "Field",
                          "name": {
                            "kind": "Name",
                            "value": "layouts"
                          },
                          "selectionSet": {
                            "kind": "SelectionSet",
                            "selections": [
                              {
                                "directives": [
                                  {
                                    "arguments": [
                                      {
                                        "kind": "Argument",
                                        "name": {
                                          "kind": "Name",
                                          "value": "if"
                                        },
                                        "value": {
                                          "kind": "Variable",
                                          "name": {
                                            "kind": "Name",
                                            "value": "isStreamManagerMosaicLayout"
                                          }
                                        }
                                      }
                                    ],
                                    "kind": "Directive",
                                    "name": {
                                      "kind": "Name",
                                      "value": "include"
                                    }
                                  }
                                ],
                                "kind": "InlineFragment",
                                "selectionSet": {
                                  "kind": "SelectionSet",
                                  "selections": [
                                    {
                                      "arguments": [],
                                      "directives": [],
                                      "kind": "Field",
                                      "name": {
                                        "kind": "Name",
                                        "value": "data"
                                      }
                                    },
                                    {
                                      "arguments": [],
                                      "directives": [],
                                      "kind": "Field",
                                      "name": {
                                        "kind": "Name",
                                        "value": "id"
                                      }
                                    },
                                    {
                                      "arguments": [],
                                      "directives": [],
                                      "kind": "Field",
                                      "name": {
                                        "kind": "Name",
                                        "value": "name"
                                      }
                                    },
                                    {
                                      "arguments": [],
                                      "directives": [],
                                      "kind": "Field",
                                      "name": {
                                        "kind": "Name",
                                        "value": "version"
                                      }
                                    }
                                  ]
                                },
                                "typeCondition": {
                                  "kind": "NamedType",
                                  "name": {
                                    "kind": "Name",
                                    "value": "StreamManagerMosaicLayout"
                                  }
                                }
                              },
                              {
                                "directives": [
                                  {
                                    "arguments": [
                                      {
                                        "kind": "Argument",
                                        "name": {
                                          "kind": "Name",
                                          "value": "if"
                                        },
                                        "value": {
                                          "kind": "Variable",
                                          "name": {
                                            "kind": "Name",
                                            "value": "isTwitchStudioMosaicLayout"
                                          }
                                        }
                                      }
                                    ],
                                    "kind": "Directive",
                                    "name": {
                                      "kind": "Name",
                                      "value": "include"
                                    }
                                  }
                                ],
                                "kind": "InlineFragment",
                                "selectionSet": {
                                  "kind": "SelectionSet",
                                  "selections": [
                                    {
                                      "arguments": [],
                                      "directives": [],
                                      "kind": "Field",
                                      "name": {
                                        "kind": "Name",
                                        "value": "data"
                                      }
                                    },
                                    {
                                      "arguments": [],
                                      "directives": [],
                                      "kind": "Field",
                                      "name": {
                                        "kind": "Name",
                                        "value": "id"
                                      }
                                    },
                                    {
                                      "arguments": [],
                                      "directives": [],
                                      "kind": "Field",
                                      "name": {
                                        "kind": "Name",
                                        "value": "name"
                                      }
                                    },
                                    {
                                      "arguments": [],
                                      "directives": [],
                                      "kind": "Field",
                                      "name": {
                                        "kind": "Name",
                                        "value": "version"
                                      }
                                    }
                                  ]
                                },
                                "typeCondition": {
                                  "kind": "NamedType",
                                  "name": {
                                    "kind": "Name",
                                    "value": "TwitchStudioMosaicLayout"
                                  }
                                }
                              }
                            ]
                          }
                        },
                        {
                          "arguments": [],
                          "directives": [],
                          "kind": "Field",
                          "name": {
                            "kind": "Name",
                            "value": "options"
                          },
                          "selectionSet": {
                            "kind": "SelectionSet",
                            "selections": [
                              {
                                "arguments": [],
                                "directives": [],
                                "kind": "Field",
                                "name": {
                                  "kind": "Name",
                                  "value": "customLayoutsTotal"
                                }
                              },
                              {
                                "arguments": [],
                                "directives": [],
                                "kind": "Field",
                                "name": {
                                  "kind": "Name",
                                  "value": "customLayoutsUsed"
                                }
                              }
                            ]
                          }
                        }
                      ]
                    }
                  }
                ]
              }
            }
          ]
        },
        "variableDefinitions": [
          {
            "directives": [],
            "kind": "VariableDefinition",
            "type": {
              "kind": "NonNullType",
              "type": {
                "kind": "NamedType",
                "name": {
                  "kind": "Name",
                  "value": "String"
                }
              }
            },
            "variable": {
              "kind": "Variable",
              "name": {
                "kind": "Name",
                "value": "channelLogin"
              }
            }
          },
          {
            "directives": [],
            "kind": "VariableDefinition",
            "type": {
              "kind": "NonNullType",
              "type": {
                "kind": "NamedType",
                "name": {
                  "kind": "Name",
                  "value": "ChannelDashboardViewType"
                }
              }
            },
            "variable": {
              "kind": "Variable",
              "name": {
                "kind": "Name",
                "value": "type"
              }
            }
          },
          {
            "directives": [],
            "kind": "VariableDefinition",
            "type": {
              "kind": "NonNullType",
              "type": {
                "kind": "NamedType",
                "name": {
                  "kind": "Name",
                  "value": "Boolean"
                }
              }
            },
            "variable": {
              "kind": "Variable",
              "name": {
                "kind": "Name",
                "value": "isStreamManagerMosaicLayout"
              }
            }
          },
          {
            "directives": [],
            "kind": "VariableDefinition",
            "type": {
              "kind": "NonNullType",
              "type": {
                "kind": "NamedType",
                "name": {
                  "kind": "Name",
                  "value": "Boolean"
                }
              }
            },
            "variable": {
              "kind": "Variable",
              "name": {
                "kind": "Name",
                "value": "isTwitchStudioMosaicLayout"
              }
            }
          }
        ]
      }
    ],
    "kind": "Document",
    "loc": {
      "end": 499,
      "source": {
        "body": "query UseDragAndDropLayoutsQuery (\n$\"channelLogin\": String!\n$\"type\": ChannelDashboardViewType!\n$\"isStreamManagerMosaicLayout\": Boolean!\n$\"isTwitchStudioMosaicLayout\": Boolean!\n) {\nchannel(\"name\": $channelLogin) {\nid\ndashboardView(\"type\": $type) {\nlayouts {\n...on StreamManagerMosaicLayout @include(\"if\": $isStreamManagerMosaicLayout) {\ndata\nid\nname\nversion\n}\n...on TwitchStudioMosaicLayout @include(\"if\": $isTwitchStudioMosaicLayout) {\ndata\nid\nname\nversion\n}\n}\noptions {\ncustomLayoutsTotal\ncustomLayoutsUsed\n}\n}\n}\n}",
        "locationOffset": {
          "column": 1,
          "line": 1
        },
        "name": "GraphQL request"
      },
      "start": 0
    }
  }
}