{
  "autoModConfiguration": {
    "definitions": [
      {
        "directives": [],
        "kind": "FragmentDefinition",
        "name": {
          "kind": "Name",
          "value": "autoModConfiguration"
        },
        "selectionSet": {
          "kind": "SelectionSet",
          "selections": [
            {
              "arguments": [],
              "directives": [],
              "kind": "Field",
              "name": {
                "kind": "Name",
                "value": "overallLevel"
              }
            },
            {
              "arguments": [],
              "directives": [],
              "kind": "Field",
              "name": {
                "kind": "Name",
                "value": "detailedLevels"
              },
              "selectionSet": {
                "kind": "SelectionSet",
                "selections": [
                  {
                    "arguments": [],
                    "directives": [],
                    "kind": "Field",
                    "name": {
                      "kind": "Name",
                      "value": "ableismLevel"
                    }
                  },
                  {
                    "arguments": [],
                    "directives": [],
                    "kind": "Field",
                    "name": {
                      "kind": "Name",
                      "value": "aggressionLevel"
                    }
                  },
                  {
                    "arguments": [],
                    "directives": [],
                    "kind": "Field",
                    "name": {
                      "kind": "Name",
                      "value": "homophobiaLevel"
                    }
                  },
                  {
                    "arguments": [],
                    "directives": [],
                    "kind": "Field",
                    "name": {
                      "kind": "Name",
                      "value": "misogynyLevel"
                    }
                  },
                  {
                    "arguments": [],
                    "directives": [],
                    "kind": "Field",
                    "name": {
                      "kind": "Name",
                      "value": "nameCallingLevel"
                    }
                  },
                  {
                    "arguments": [],
                    "directives": [],
                    "kind": "Field",
                    "name": {
                      "kind": "Name",
                      "value": "profanityLevel"
                    }
                  },
                  {
                    "arguments": [],
                    "directives": [],
                    "kind": "Field",
                    "name": {
                      "kind": "Name",
                      "value": "racismLevel"
                    }
                  },
                  {
                    "arguments": [],
                    "directives": [],
                    "kind": "Field",
                    "name": {
                      "kind": "Name",
                      "value": "sexualityLevel"
                    }
                  },
                  {
                    "arguments": [],
                    "directives": [],
                    "kind": "Field",
                    "name": {
                      "kind": "Name",
                      "value": "smartDetectionLevel"
                    }
                  }
                ]
              }
            }
          ]
        },
        "typeCondition": {
          "kind": "NamedType",
          "name": {
            "kind": "Name",
            "value": "AutoModConfiguration"
          }
        }
      }
    ],
    "kind": "Document",
    "loc": {
      "end": 227,
      "source": {
        "body": "fragment autoModConfiguration on AutoModConfiguration {\noverallLevel\ndetailedLevels {\nableismLevel\naggressionLevel\nhomophobiaLevel\nmisogynyLevel\nnameCallingLevel\nprofanityLevel\nracismLevel\nsexualityLevel\nsmartDetectionLevel\n}\n}",
        "locationOffset": {
          "column": 1,
          "line": 1
        },
        "name": "GraphQL request"
      },
      "start": 0
    }
  }
}