{
  "BanEvasionDetectionSettings": {
    "definitions": [
      {
        "directives": [],
        "kind": "OperationDefinition",
        "name": {
          "kind": "Name",
          "value": "BanEvasionDetectionSettings"
        },
        "operation": "query",
        "selectionSet": {
          "kind": "SelectionSet",
          "selections": [
            {
              "arguments": [
                {
                  "kind": "Argument",
                  "name": {
                    "kind": "Name",
                    "value": "id"
                  },
                  "value": {
                    "kind": "Variable",
                    "name": {
                      "kind": "Name",
                      "value": "channelID"
                    }
                  }
                }
              ],
              "directives": [],
              "kind": "Field",
              "name": {
                "kind": "Name",
                "value": "channel"
              },
              "selectionSet": {
                "kind": "SelectionSet",
                "selections": [
                  {
                    "arguments": [],
                    "directives": [],
                    "kind": "Field",
                    "name": {
                      "kind": "Name",
                      "value": "id"
                    }
                  },
                  {
                    "arguments": [],
                    "directives": [],
                    "kind": "Field",
                    "name": {
                      "kind": "Name",
                      "value": "moderationSettings"
                    },
                    "selectionSet": {
                      "kind": "SelectionSet",
                      "selections": [
                        {
                          "arguments": [],
                          "directives": [],
                          "kind": "Field",
                          "name": {
                            "kind": "Name",
                            "value": "banEvasionDetection"
                          },
                          "selectionSet": {
                            "kind": "SelectionSet",
                            "selections": [
                              {
                                "directives": [],
                                "kind": "InlineFragment",
                                "selectionSet": {
                                  "kind": "SelectionSet",
                                  "selections": [
                                    {
                                      "arguments": [],
                                      "directives": [],
                                      "kind": "Field",
                                      "name": {
                                        "kind": "Name",
                                        "value": "isEnabled"
                                      }
                                    },
                                    {
                                      "arguments": [],
                                      "directives": [],
                                      "kind": "Field",
                                      "name": {
                                        "kind": "Name",
                                        "value": "possibleTreatment"
                                      }
                                    },
                                    {
                                      "arguments": [],
                                      "directives": [],
                                      "kind": "Field",
                                      "name": {
                                        "kind": "Name",
                                        "value": "likelyTreatment"
                                      }
                                    }
                                  ]
                                },
                                "typeCondition": {
                                  "kind": "NamedType",
                                  "name": {
                                    "kind": "Name",
                                    "value": "BanEvasionDetectionSettings"
                                  }
                                }
                              },
                              {
                                "directives": [],
                                "kind": "InlineFragment",
                                "selectionSet": {
                                  "kind": "SelectionSet",
                                  "selections": [
                                    {
                                      "arguments": [],
                                      "directives": [],
                                      "kind": "Field",
                                      "name": {
                                        "kind": "Name",
                                        "value": "code"
                                      }
                                    }
                                  ]
                                },
                                "typeCondition": {
                                  "kind": "NamedType",
                                  "name": {
                                    "kind": "Name",
                                    "value": "BanEvasionDetectionSettingsError"
                                  }
                                }
                              }
                            ]
                          }
                        }
                      ]
                    }
                  }
                ]
              }
            }
          ]
        },
        "variableDefinitions": [
          {
            "directives": [],
            "kind": "VariableDefinition",
            "type": {
              "kind": "NonNullType",
              "type": {
                "kind": "NamedType",
                "name": {
                  "kind": "Name",
                  "value": "ID"
                }
              }
            },
            "variable": {
              "kind": "Variable",
              "name": {
                "kind": "Name",
                "value": "channelID"
              }
            }
          }
        ]
      }
    ],
    "kind": "Document",
    "loc": {
      "end": 264,
      "source": {
        "body": "query BanEvasionDetectionSettings($\"channelID\": ID!) {\nchannel(\"id\": $channelID) {\nid\nmoderationSettings {\nbanEvasionDetection {\n... on BanEvasionDetectionSettings {\nisEnabled\npossibleTreatment\nlikelyTreatment\n}\n... on BanEvasionDetectionSettingsError {\ncode\n}\n}\n}\n}\n}",
        "locationOffset": {
          "column": 1,
          "line": 1
        },
        "name": "GraphQL request"
      },
      "start": 0
    }
  },
  "SunlightBanEvasionDetectionSettingsUpdateSettings": {
    "definitions": [
      {
        "directives": [],
        "kind": "OperationDefinition",
        "name": {
          "kind": "Name",
          "value": "SunlightBanEvasionDetectionSettingsUpdateSettings"
        },
        "operation": "mutation",
        "selectionSet": {
          "kind": "SelectionSet",
          "selections": [
            {
              "arguments": [
                {
                  "kind": "Argument",
                  "name": {
                    "kind": "Name",
                    "value": "input"
                  },
                  "value": {
                    "fields": [
                      {
                        "kind": "ObjectField",
                        "name": {
                          "kind": "Name",
                          "value": "channelID"
                        },
                        "value": {
                          "kind": "Variable",
                          "name": {
                            "kind": "Name",
                            "value": "channelID"
                          }
                        }
                      },
                      {
                        "kind": "ObjectField",
                        "name": {
                          "kind": "Name",
                          "value": "isEnabled"
                        },
                        "value": {
                          "kind": "Variable",
                          "name": {
                            "kind": "Name",
                            "value": "isEnabled"
                          }
                        }
                      },
                      {
                        "kind": "ObjectField",
                        "name": {
                          "kind": "Name",
                          "value": "possibleEvaderTreatment"
                        },
                        "value": {
                          "kind": "Variable",
                          "name": {
                            "kind": "Name",
                            "value": "possibleEvaderTreatment"
                          }
                        }
                      },
                      {
                        "kind": "ObjectField",
                        "name": {
                          "kind": "Name",
                          "value": "likelyEvaderTreatment"
                        },
                        "value": {
                          "kind": "Variable",
                          "name": {
                            "kind": "Name",
                            "value": "likelyEvaderTreatment"
                          }
                        }
                      }
                    ],
                    "kind": "ObjectValue"
                  }
                }
              ],
              "directives": [],
              "kind": "Field",
              "name": {
                "kind": "Name",
                "value": "updateBanEvasionDetectionSettings"
              },
              "selectionSet": {
                "kind": "SelectionSet",
                "selections": [
                  {
                    "arguments": [],
                    "directives": [],
                    "kind": "Field",
                    "name": {
                      "kind": "Name",
                      "value": "settings"
                    },
                    "selectionSet": {
                      "kind": "SelectionSet",
                      "selections": [
                        {
                          "arguments": [],
                          "directives": [],
                          "kind": "Field",
                          "name": {
                            "kind": "Name",
                            "value": "isEnabled"
                          }
                        },
                        {
                          "arguments": [],
                          "directives": [],
                          "kind": "Field",
                          "name": {
                            "kind": "Name",
                            "value": "possibleTreatment"
                          }
                        },
                        {
                          "arguments": [],
                          "directives": [],
                          "kind": "Field",
                          "name": {
                            "kind": "Name",
                            "value": "likelyTreatment"
                          }
                        }
                      ]
                    }
                  },
                  {
                    "arguments": [],
                    "directives": [],
                    "kind": "Field",
                    "name": {
                      "kind": "Name",
                      "value": "error"
                    },
                    "selectionSet": {
                      "kind": "SelectionSet",
                      "selections": [
                        {
                          "arguments": [],
                          "directives": [],
                          "kind": "Field",
                          "name": {
                            "kind": "Name",
                            "value": "code"
                          }
                        }
                      ]
                    }
                  }
                ]
              }
            }
          ]
        },
        "variableDefinitions": [
          {
            "directives": [],
            "kind": "VariableDefinition",
            "type": {
              "kind": "NonNullType",
              "type": {
                "kind": "NamedType",
                "name": {
                  "kind": "Name",
                  "value": "ID"
                }
              }
            },
            "variable": {
              "kind": "Variable",
              "name": {
                "kind": "Name",
                "value": "channelID"
              }
            }
          },
          {
            "directives": [],
            "kind": "VariableDefinition",
            "type": {
              "kind": "NonNullType",
              "type": {
                "kind": "NamedType",
                "name": {
                  "kind": "Name",
                  "value": "Boolean"
                }
              }
            },
            "variable": {
              "kind": "Variable",
              "name": {
                "kind": "Name",
                "value": "isEnabled"
              }
            }
          },
          {
            "directives": [],
            "kind": "VariableDefinition",
            "type": {
              "kind": "NamedType",
              "name": {
                "kind": "Name",
                "value": "LowTrustUserTreatmentType"
              }
            },
            "variable": {
              "kind": "Variable",
              "name": {
                "kind": "Name",
                "value": "possibleEvaderTreatment"
              }
            }
          },
          {
            "directives": [],
            "kind": "VariableDefinition",
            "type": {
              "kind": "NamedType",
              "name": {
                "kind": "Name",
                "value": "LowTrustUserTreatmentType"
              }
            },
            "variable": {
              "kind": "Variable",
              "name": {
                "kind": "Name",
                "value": "likelyEvaderTreatment"
              }
            }
          }
        ]
      }
    ],
    "kind": "Document",
    "loc": {
      "end": 468,
      "source": {
        "body": "mutation SunlightBanEvasionDetectionSettingsUpdateSettings(\n$\"channelID\": ID!\n$\"isEnabled\": Boolean!\n$\"possibleEvaderTreatment\": LowTrustUserTreatmentType\n$\"likelyEvaderTreatment\": LowTrustUserTreatmentType\n) {\nupdateBanEvasionDetectionSettings(\"ninput\": {\"nchannelID\": $channelID\"nisEnabled\": $isEnabled\"npossibleEvaderTreatment\": $possibleEvaderTreatment\"nlikelyEvaderTreatment\": $likelyEvaderTreatment\n}\n) {\nsettings {\nisEnabled\npossibleTreatment\nlikelyTreatment\n}\nerror {\ncode\n}\n}\n}",
        "locationOffset": {
          "column": 1,
          "line": 1
        },
        "name": "GraphQL request"
      },
      "start": 0
    }
  }
}